drop database if exists hospital;
create database hospital default character set utf8;

grant all on hospital.* to 'hospital'@'%' identified by '123456';
grant all on hospital.* to 'hospital'@'localhost' identified by '123456';
flush privileges;

set names utf8;

use hospital;
drop table if exists `user`;
create table user(
	user_id varchar(10) not null comment '用户id（工号）',
	user_pwd varchar(32) not null comment '密码（MD5加密）',
	user_type tinyint not null comment '用户类型（0管理员，1医生，2护士）',/*用户类型（0管理员，1医生，2护士）*/
	person_id int(11) not null comment '关联个人id',/*关联到具体用户的id*/
	primary key (user_id)
) engine=InnoDB default charset=utf8;
INSERT INTO `hospital`.`user` (`user_id`, `user_pwd`, `user_type`, `person_id`) VALUES ('admin', MD5('123456'), '0', '0');
INSERT INTO `hospital`.`user` (`user_id`, `user_pwd`, `user_type`, `person_id`) VALUES ('doctor', MD5('123456'), '1', '1');
INSERT INTO `hospital`.`user` (`user_id`, `user_pwd`, `user_type`, `person_id`) VALUES ('nurse', MD5('123456'), '2', '1');


/*-----患者表-----*/
drop table if exists `patient`;
create table patient(
	pat_id int(11) not null comment '住院号',
	pat_name varchar(20) not null comment '患者姓名',
	cash_pledge int(10) not null default 0 comment '押金余额',
	admission_date int(13) not null comment '入院日期',
	record_data int(13) comment '记录日期',
	department varchar(20) comment '科别',
	sickbad varchar(20) comment '病床',
	medical_history text comment '住院病历',
	medical_record text comment '病程记录',
	sex varchar(6) comment '患者性别',
	age tinyint(3) comment '患者年龄',
	marriage tinyint(1) comment '婚姻情况（0：未婚 1：已婚）',
	birthplace varchar(50) comment '出生地',
	nationality varchar(10) comment '民族',
	job varchar(50) comment '职业',
	company varchar(50) comment '工作单位',
	address varchar(50) comment '住址',
	provider varchar(50) comment '供史者',
	reliability tinyint(1) comment '可靠度（0-9）',
	phone varchar(12) comment '患者手机号',
	room_id int(11) comment '房间id',
	primary key (pat_id)
) engine=InnoDB default charset=utf8;

INSERT INTO `hospital`.`patient` (`pat_id`, `pat_name`, `cash_pledge`, `admission_date`, `record_data`, `department`, `sickbad`, `medical_history`, `medical_record`, `sex`, `age`, `marriage`, `birthplace`, `nationality`, `job`, `company`, `address`, `provider`, `reliability`, `phone`, `room_id`) VALUES 
('1070001', '刘某某', '10378', '1457344800', '1457344800', '心内三科', 'CCU01', '<?xml version="1.0" encoding="UTF-8"?><medical_historys><mh><name>病史</name><ename>bs</ename><content><section><name>主述</name><content>胸痛3年，加重1个月。</content></section><section><name>现病史</name><content>患者近3年无明显胸痛，伴后背部疼痛，以心前区及胸骨后压榨样疼痛，无明显气短，无出汗，多于活动后出现，持续数分钟指10分钟可缓解，曾就诊于我院门诊及外院，具体诊治不详。近1个月患者尚需症状加重，伴气短，伴腹胀，发作频繁，稍有活动就发作，无平卧受限及夜间憋醒，为求进一步诊治来诊。病来无发热，无咳嗽、咳痰，无头晕、头痛，无恶心、呕吐，无腹泻、腹痛，无抽搐及意识障碍，精神可，饮食、睡眠可，二便正常。</content></section><section><name>既往史</name><content>否认高血压，否认糖尿病，否认感言、结核等传染病史，否认手术、输血、外伤史，否认硫胺类药物、青霉素、头孢菌素过敏史，预防接种史不详。</content></section><section><name>个人史</name><content>生于原籍，否认长期外地居住史，否认疫区居留史，否认特殊化学品及放射性接触史。吸烟史30年，平均10余支/日，。否认饮酒。</content></section><section><name>婚育史</name><content>已婚，30岁结婚，配偶尚在，育有2子1女，子女均体健。</content></section><section><name>家族史</name><content>父母已故。家族中否认遗传性疾病及类似病史。</content></section></content></mh><mh><name>体格检查</name><ename>tgjc</ename><content><![CDATA[T：36.3℃P：86次/分R：18次/分BP：150/88mmHg<br/><b>&nbsp;&nbsp;&nbsp;&nbsp;一般情况：</b>发育正常，营养良好，步入病室，平卧体位，表情自然，语言流利，无病容，神志清楚，查体合作，步态正常，正力型体型。<br/><b>&nbsp;&nbsp;&nbsp;&nbsp;皮肤粘膜：</b>全身皮肤及粘膜正常，无皮疹。未见皮下出血。毛发状况：正常，皮肤湿度正常，弹性正常，无水肿，无肝掌，未见蜘蛛痣。<br/><b>&nbsp;&nbsp;&nbsp;&nbsp;淋巴结：</b>全身浅表淋巴未触及肿大。<br/><b>&nbsp;&nbsp;&nbsp;&nbsp;头颅：</b>头颅外形正常，皮肤正常。<b>眼：</b>眼睑正常，眼球无凸出及凹陷、无斜视、震颤及运动障碍，双眼眼球正常，结膜正常，角膜透明，无溃疡。巩膜无黄染，双侧瞳孔等大等圆，瞳孔直径3.0mm，对光反射及调节均正常。<b>耳：</b>双耳耳廓外形正常，无畸形，双侧无乳突压痛，外耳道畅通，不可见分泌物。<b>鼻：</b>鼻外形正常，鼻中隔无偏曲，嗅觉正常，上额窦与额窦无压痛，无鼻塞，无分泌物，无鼻翼扇动。<b>口腔：</b>口唇无发绀，口腔粘膜光滑，腮腺导管开口正常，伸舌居中，齿龈无红肿溢脓，牙齿排列整齐，双侧扁桃体无肿大，表面未见脓点，悬雍垂居中，咽无充血，声音正常。<br/><b>&nbsp;&nbsp;&nbsp;&nbsp;颈部：</b>颈软，无抵抗感，气管居中，经静脉充盈正常，肝经静脉回流征阴性，颈动脉搏动正常，甲状腺未触及肿大。<br/><b>&nbsp;&nbsp;&nbsp;&nbsp;胸部：</b>胸廓正常，呼吸节律正常，肋间隙正常，胸壁未见静脉曲张，无结节及肿块，无胸骨叩痛。双乳房对称，未触及包块。<br/><b>&nbsp;&nbsp;&nbsp;&nbsp;肺：</b><b>视诊：</b>呈胸式呼吸，呼吸运动正常，肋间隙未见明显异常。<b>触诊：</b>语颤正常，双肺未触及胸膜摩擦感，未触及皮下埝发感。<b>听诊：</b>双肺未闻及呼吸音异常，双肺未闻及干湿罗音，未闻及胸膜摩擦音，满肺语音传导未及明显异常。<b>叩诊：</b>双肺叩诊呈清音。<br/><b>&nbsp;&nbsp;&nbsp;&nbsp;心：</b><b>视诊：</b>心前区无隆起，未见心尖搏动，心尖搏动位于第5根肋间左锁骨中线内0.5cm，心前区无异常波动。<b>触诊：</b>未触及心尖搏动，未触及震颤，无心包摩擦感。<b>叩诊：</b>心界不大。<b>听诊：</b>心率：86次/分，律齐，心音有力，P2=A2,。各瓣膜听诊区未闻及病理性杂音，不可闻及额外心音，未闻及心包摩擦音。<br/><b>&nbsp;&nbsp;&nbsp;&nbsp;大血管及动脉：</b>周围血管征阴性。<br/><b>&nbsp;&nbsp;&nbsp;&nbsp;腹部：</b><b>视诊：</b>腹部平坦，未见肠胃型及蠕动波。腹壁未见手术瘢痕，脐部正常，腹式呼吸存在。<b>触诊：</b>腹部柔软，无液波振动，无振水音，无触及腹部肿块。全腹未可及压痛，无反跳痛，无肌紧张。肝胀肋下未触及。胆囊肋下未触及。脾脏未触及。肾未触及。<b>听诊：</b>肠鸣音正常，无气过水声，未闻及腹部血管杂音。<br/><b>&nbsp;&nbsp;&nbsp;&nbsp;肛门、直肠及外生殖器：</b>未查。<br/><b>&nbsp;&nbsp;&nbsp;&nbsp;脊柱四肢：</b>脊柱正常生理弯曲，活动自如，无压痛及叩击痛。四肢活动自如，双上肢、双下肢无畸形，关节无红肿，活动自如，皮温正常。无杵状指、趾，双下肢无明显水肿<br/><b>&nbsp;&nbsp;&nbsp;&nbsp;神经系统：</b>腹壁反射存在，双侧肱二、肱三头肌正常，四肢肌力V，双侧Babinski征、Hoffman征阴性。]]></content></mh><mh><name>专科检查</name><ename>zkjc</ename><content><![CDATA[T：36.3℃P：86次/分R：18次/分BP：150/88mmHg神清语明，呼吸平稳，口唇无发绀，颈静脉无怒张，双肺听诊呼吸音粗，未闻及干湿罗音，心界不大，心率86次/分，律齐，心音有力，各瓣膜听诊区未闻及杂音，腹软，无压痛、反跳痛及肌紧张，肝脾肋下未触及，双下肢无浮肿。]]></content></mh><mh><name>实验室及其他检查</name><ename>qtjc</ename><content><section><name>心电图</name><content>窦性心律，左束支传导阻滞，I度房室传导阻滞。</content></section></content></mh><mh><name>初步诊断</name><ename>cbzd</ename><content><![CDATA[冠心病<br/>&nbsp;&nbsp;&nbsp;&nbsp;不稳定性心绞痛<br/>&nbsp;&nbsp;&nbsp;&nbsp;心功能III级<br/>心率失常<br/>&nbsp;&nbsp;&nbsp;&nbsp;左束支传导阻滞<br/>&nbsp;&nbsp;&nbsp;&nbsp;I度房室传导阻滞<br/>诊断日期：2016年11月09日诊断医师：董医生]]></content></mh><mh><name>确定诊断</name><ename>qdzd</ename><content><![CDATA[冠心病<br/>&nbsp;&nbsp;&nbsp;&nbsp;急性心肌梗死<br/>&nbsp;&nbsp;&nbsp;&nbsp;KILLIP2级<br/>&nbsp;&nbsp;&nbsp;&nbsp;心律失常<br/>&nbsp;&nbsp;&nbsp;&nbsp;左束支传导阻滞<br/>&nbsp;&nbsp;&nbsp;&nbsp;I度房室传导阻滞<br/>诊断日期：2016年11月11日诊断医师：孙医生]]></content></mh></medical_historys>', '<?xml version="1.0" encoding="UTF-8"?><medical_record><mr><time>1478658540</time><content>患者近3年无明显胸痛，伴后背部疼痛，以心前区及胸骨后压榨样疼痛，无明显气短，无出汗，多于活动后出现，持续数分钟指10分钟可缓解，曾就诊于我院门诊及外院，具体诊治不详。近1个月患者尚需症状加重，伴气短，伴腹胀，发作频繁，稍有活动就发作，无平卧受限及夜间憋醒，为求进一步诊治来诊。病来无发热，无咳嗽、咳痰，无头晕、头痛，无恶心、呕吐，无腹泻、腹痛，无抽搐及意识障碍，精神可，饮食、睡眠可，二便正常。</content><doctor>董医生</doctor></mr><mr><time>1478658720</time><content>患者近3年无明显胸痛，伴后背部疼痛，以心前区及胸骨后压榨样疼痛，无明显气短，无出汗，多于活动后出现，持续数分钟指10分钟可缓解，曾就诊于我院门诊及外院，具体诊治不详。近1个月患者尚需症状加重，伴气短，伴腹胀，发作频繁，稍有活动就发作，无平卧受限及夜间憋醒，为求进一步诊治来诊。病来无发热，无咳嗽、咳痰，无头晕、头痛，无恶心、呕吐，无腹泻、腹痛，无抽搐及意识障碍，精神可，饮食、睡眠可，二便正常。</content><doctor>董医生</doctor></mr><mr><time>1478755860</time><content>患者近3年无明显胸痛，伴后背部疼痛，以心前区及胸骨后压榨样疼痛，无明显气短，无出汗，多于活动后出现，持续数分钟指10分钟可缓解，曾就诊于我院门诊及外院，具体诊治不详。近1个月患者尚需症状加重，伴气短，伴腹胀，发作频繁，稍有活动就发作，无平卧受限及夜间憋醒，为求进一步诊治来诊。病来无发热，无咳嗽、咳痰，无头晕、头痛，无恶心、呕吐，无腹泻、腹痛，无抽搐及意识障碍，精神可，饮食、睡眠可，二便正常。</content><doctor>孙医生</doctor></mr><mr><time>1478756340</time><content>患者近3年无明显胸痛，伴后背部疼痛，以心前区及胸骨后压榨样疼痛，无明显气短，无出汗，多于活动后出现，持续数分钟指10分钟可缓解，曾就诊于我院门诊及外院，具体诊治不详。近1个月患者尚需症状加重，伴气短，伴腹胀，发作频繁，稍有活动就发作，无平卧受限及夜间憋醒，为求进一步诊治来诊。病来无发热，无咳嗽、咳痰，无头晕、头痛，无恶心、呕吐，无腹泻、腹痛，无抽搐及意识障碍，精神可，饮食、睡眠可，二便正常。</content><doctor>孙医生/于医生</doctor></mr><mr><time>1478829060</time><content>患者近3年无明显胸痛，伴后背部疼痛，以心前区及胸骨后压榨样疼痛，无明显气短，无出汗，多于活动后出现，持续数分钟指10分钟可缓解，曾就诊于我院门诊及外院，具体诊治不详。近1个月患者尚需症状加重，伴气短，伴腹胀，发作频繁，稍有活动就发作，无平卧受限及夜间憋醒，为求进一步诊治来诊。病来无发热，无咳嗽、咳痰，无头晕、头痛，无恶心、呕吐，无腹泻、腹痛，无抽搐及意识障碍，精神可，饮食、睡眠可，二便正常。</content><doctor>王荣军/于医生</doctor></mr><mr><time>1479023580</time><content>患者近3年无明显胸痛，伴后背部疼痛，以心前区及胸骨后压榨样疼痛，无明显气短，无出汗，多于活动后出现，持续数分钟指10分钟可缓解，曾就诊于我院门诊及外院，具体诊治不详。近1个月患者尚需症状加重，伴气短，伴腹胀，发作频繁，稍有活动就发作，无平卧受限及夜间憋醒，为求进一步诊治来诊。病来无发热，无咳嗽、咳痰，无头晕、头痛，无恶心、呕吐，无腹泻、腹痛，无抽搐及意识障碍，精神可，饮食、睡眠可，二便正常。</content><doctor>王新欣</doctor></mr><mr><time>1479089580</time><content>患者近3年无明显胸痛，伴后背部疼痛，以心前区及胸骨后压榨样疼痛，无明显气短，无出汗，多于活动后出现，持续数分钟指10分钟可缓解，曾就诊于我院门诊及外院，具体诊治不详。近1个月患者尚需症状加重，伴气短，伴腹胀，发作频繁，稍有活动就发作，无平卧受限及夜间憋醒，为求进一步诊治来诊。病来无发热，无咳嗽、咳痰，无头晕、头痛，无恶心、呕吐，无腹泻、腹痛，无抽搐及意识障碍，精神可，饮食、睡眠可，二便正常。</content><doctor>孙医生</doctor></mr></medical_record>', '男', '74', '1', '阜新市', '汉族', '退休', 'XX公司退休', 'XX小区', '患者本人', '9', '18941831158', '7');
INSERT INTO `hospital`.`patient` (`pat_id`, `pat_name`, `cash_pledge`, `admission_date`, `record_data`, `department`, `sickbad`, `medical_history`, `medical_record`, `sex`, `age`, `marriage`, `birthplace`, `nationality`, `job`, `company`, `address`, `provider`, `reliability`, `phone`, `room_id`) VALUES 
('1080001', '赵某某', '5872', '1457438400', '1457438400', '心内三科', 'CCU02', '<?xml version="1.0" encoding="UTF-8"?><medical_historys><mh><name>病史</name><ename>bs</ename><content><section><name>主述</name><content>胸痛3年，加重1个月。</content></section><section><name>现病史</name><content>患者近3年无明显胸痛，伴后背部疼痛，以心前区及胸骨后压榨样疼痛，无明显气短，无出汗，多于活动后出现，持续数分钟指10分钟可缓解，曾就诊于我院门诊及外院，具体诊治不详。近1个月患者尚需症状加重，伴气短，伴腹胀，发作频繁，稍有活动就发作，无平卧受限及夜间憋醒，为求进一步诊治来诊。病来无发热，无咳嗽、咳痰，无头晕、头痛，无恶心、呕吐，无腹泻、腹痛，无抽搐及意识障碍，精神可，饮食、睡眠可，二便正常。</content></section><section><name>既往史</name><content>否认高血压，否认糖尿病，否认感言、结核等传染病史，否认手术、输血、外伤史，否认硫胺类药物、青霉素、头孢菌素过敏史，预防接种史不详。</content></section><section><name>个人史</name><content>生于原籍，否认长期外地居住史，否认疫区居留史，否认特殊化学品及放射性接触史。吸烟史30年，平均10余支/日，。否认饮酒。</content></section><section><name>婚育史</name><content>已婚，30岁结婚，配偶尚在，育有2子1女，子女均体健。</content></section><section><name>家族史</name><content>父母已故。家族中否认遗传性疾病及类似病史。</content></section></content></mh><mh><name>体格检查</name><ename>tgjc</ename><content><![CDATA[T：36.3℃P：86次/分R：18次/分BP：150/88mmHg<br/><b>&nbsp;&nbsp;&nbsp;&nbsp;一般情况：</b>发育正常，营养良好，步入病室，平卧体位，表情自然，语言流利，无病容，神志清楚，查体合作，步态正常，正力型体型。<br/><b>&nbsp;&nbsp;&nbsp;&nbsp;皮肤粘膜：</b>全身皮肤及粘膜正常，无皮疹。未见皮下出血。毛发状况：正常，皮肤湿度正常，弹性正常，无水肿，无肝掌，未见蜘蛛痣。<br/><b>&nbsp;&nbsp;&nbsp;&nbsp;淋巴结：</b>全身浅表淋巴未触及肿大。<br/><b>&nbsp;&nbsp;&nbsp;&nbsp;头颅：</b>头颅外形正常，皮肤正常。<b>眼：</b>眼睑正常，眼球无凸出及凹陷、无斜视、震颤及运动障碍，双眼眼球正常，结膜正常，角膜透明，无溃疡。巩膜无黄染，双侧瞳孔等大等圆，瞳孔直径3.0mm，对光反射及调节均正常。<b>耳：</b>双耳耳廓外形正常，无畸形，双侧无乳突压痛，外耳道畅通，不可见分泌物。<b>鼻：</b>鼻外形正常，鼻中隔无偏曲，嗅觉正常，上额窦与额窦无压痛，无鼻塞，无分泌物，无鼻翼扇动。<b>口腔：</b>口唇无发绀，口腔粘膜光滑，腮腺导管开口正常，伸舌居中，齿龈无红肿溢脓，牙齿排列整齐，双侧扁桃体无肿大，表面未见脓点，悬雍垂居中，咽无充血，声音正常。<br/><b>&nbsp;&nbsp;&nbsp;&nbsp;颈部：</b>颈软，无抵抗感，气管居中，经静脉充盈正常，肝经静脉回流征阴性，颈动脉搏动正常，甲状腺未触及肿大。<br/><b>&nbsp;&nbsp;&nbsp;&nbsp;胸部：</b>胸廓正常，呼吸节律正常，肋间隙正常，胸壁未见静脉曲张，无结节及肿块，无胸骨叩痛。双乳房对称，未触及包块。<br/><b>&nbsp;&nbsp;&nbsp;&nbsp;肺：</b><b>视诊：</b>呈胸式呼吸，呼吸运动正常，肋间隙未见明显异常。<b>触诊：</b>语颤正常，双肺未触及胸膜摩擦感，未触及皮下埝发感。<b>听诊：</b>双肺未闻及呼吸音异常，双肺未闻及干湿罗音，未闻及胸膜摩擦音，满肺语音传导未及明显异常。<b>叩诊：</b>双肺叩诊呈清音。<br/><b>&nbsp;&nbsp;&nbsp;&nbsp;心：</b><b>视诊：</b>心前区无隆起，未见心尖搏动，心尖搏动位于第5根肋间左锁骨中线内0.5cm，心前区无异常波动。<b>触诊：</b>未触及心尖搏动，未触及震颤，无心包摩擦感。<b>叩诊：</b>心界不大。<b>听诊：</b>心率：86次/分，律齐，心音有力，P2=A2,。各瓣膜听诊区未闻及病理性杂音，不可闻及额外心音，未闻及心包摩擦音。<br/><b>&nbsp;&nbsp;&nbsp;&nbsp;大血管及动脉：</b>周围血管征阴性。<br/><b>&nbsp;&nbsp;&nbsp;&nbsp;腹部：</b><b>视诊：</b>腹部平坦，未见肠胃型及蠕动波。腹壁未见手术瘢痕，脐部正常，腹式呼吸存在。<b>触诊：</b>腹部柔软，无液波振动，无振水音，无触及腹部肿块。全腹未可及压痛，无反跳痛，无肌紧张。肝胀肋下未触及。胆囊肋下未触及。脾脏未触及。肾未触及。<b>听诊：</b>肠鸣音正常，无气过水声，未闻及腹部血管杂音。<br/><b>&nbsp;&nbsp;&nbsp;&nbsp;肛门、直肠及外生殖器：</b>未查。<br/><b>&nbsp;&nbsp;&nbsp;&nbsp;脊柱四肢：</b>脊柱正常生理弯曲，活动自如，无压痛及叩击痛。四肢活动自如，双上肢、双下肢无畸形，关节无红肿，活动自如，皮温正常。无杵状指、趾，双下肢无明显水肿<br/><b>&nbsp;&nbsp;&nbsp;&nbsp;神经系统：</b>腹壁反射存在，双侧肱二、肱三头肌正常，四肢肌力V，双侧Babinski征、Hoffman征阴性。]]></content></mh><mh><name>专科检查</name><ename>zkjc</ename><content><![CDATA[T：36.3℃P：86次/分R：18次/分BP：150/88mmHg神清语明，呼吸平稳，口唇无发绀，颈静脉无怒张，双肺听诊呼吸音粗，未闻及干湿罗音，心界不大，心率86次/分，律齐，心音有力，各瓣膜听诊区未闻及杂音，腹软，无压痛、反跳痛及肌紧张，肝脾肋下未触及，双下肢无浮肿。]]></content></mh><mh><name>实验室及其他检查</name><ename>qtjc</ename><content><section><name>心电图</name><content>窦性心律，左束支传导阻滞，I度房室传导阻滞。</content></section></content></mh><mh><name>初步诊断</name><ename>cbzd</ename><content><![CDATA[冠心病<br/>&nbsp;&nbsp;&nbsp;&nbsp;不稳定性心绞痛<br/>&nbsp;&nbsp;&nbsp;&nbsp;心功能III级<br/>心率失常<br/>&nbsp;&nbsp;&nbsp;&nbsp;左束支传导阻滞<br/>&nbsp;&nbsp;&nbsp;&nbsp;I度房室传导阻滞<br/>诊断日期：2016年11月09日诊断医师：董医生]]></content></mh><mh><name>确定诊断</name><ename>qdzd</ename><content><![CDATA[冠心病<br/>&nbsp;&nbsp;&nbsp;&nbsp;急性心肌梗死<br/>&nbsp;&nbsp;&nbsp;&nbsp;KILLIP2级<br/>&nbsp;&nbsp;&nbsp;&nbsp;心律失常<br/>&nbsp;&nbsp;&nbsp;&nbsp;左束支传导阻滞<br/>&nbsp;&nbsp;&nbsp;&nbsp;I度房室传导阻滞<br/>诊断日期：2016年11月11日诊断医师：孙医生]]></content></mh></medical_historys>', '<?xml version="1.0" encoding="UTF-8"?><medical_record><mr><time>1478658540</time><content>患者近3年无明显胸痛，伴后背部疼痛，以心前区及胸骨后压榨样疼痛，无明显气短，无出汗，多于活动后出现，持续数分钟指10分钟可缓解，曾就诊于我院门诊及外院，具体诊治不详。近1个月患者尚需症状加重，伴气短，伴腹胀，发作频繁，稍有活动就发作，无平卧受限及夜间憋醒，为求进一步诊治来诊。病来无发热，无咳嗽、咳痰，无头晕、头痛，无恶心、呕吐，无腹泻、腹痛，无抽搐及意识障碍，精神可，饮食、睡眠可，二便正常。</content><doctor>董医生</doctor></mr><mr><time>1478658720</time><content>患者近3年无明显胸痛，伴后背部疼痛，以心前区及胸骨后压榨样疼痛，无明显气短，无出汗，多于活动后出现，持续数分钟指10分钟可缓解，曾就诊于我院门诊及外院，具体诊治不详。近1个月患者尚需症状加重，伴气短，伴腹胀，发作频繁，稍有活动就发作，无平卧受限及夜间憋醒，为求进一步诊治来诊。病来无发热，无咳嗽、咳痰，无头晕、头痛，无恶心、呕吐，无腹泻、腹痛，无抽搐及意识障碍，精神可，饮食、睡眠可，二便正常。</content><doctor>董医生</doctor></mr><mr><time>1478755860</time><content>患者近3年无明显胸痛，伴后背部疼痛，以心前区及胸骨后压榨样疼痛，无明显气短，无出汗，多于活动后出现，持续数分钟指10分钟可缓解，曾就诊于我院门诊及外院，具体诊治不详。近1个月患者尚需症状加重，伴气短，伴腹胀，发作频繁，稍有活动就发作，无平卧受限及夜间憋醒，为求进一步诊治来诊。病来无发热，无咳嗽、咳痰，无头晕、头痛，无恶心、呕吐，无腹泻、腹痛，无抽搐及意识障碍，精神可，饮食、睡眠可，二便正常。</content><doctor>孙医生</doctor></mr><mr><time>1478756340</time><content>患者近3年无明显胸痛，伴后背部疼痛，以心前区及胸骨后压榨样疼痛，无明显气短，无出汗，多于活动后出现，持续数分钟指10分钟可缓解，曾就诊于我院门诊及外院，具体诊治不详。近1个月患者尚需症状加重，伴气短，伴腹胀，发作频繁，稍有活动就发作，无平卧受限及夜间憋醒，为求进一步诊治来诊。病来无发热，无咳嗽、咳痰，无头晕、头痛，无恶心、呕吐，无腹泻、腹痛，无抽搐及意识障碍，精神可，饮食、睡眠可，二便正常。</content><doctor>孙医生/于医生</doctor></mr><mr><time>1478829060</time><content>患者近3年无明显胸痛，伴后背部疼痛，以心前区及胸骨后压榨样疼痛，无明显气短，无出汗，多于活动后出现，持续数分钟指10分钟可缓解，曾就诊于我院门诊及外院，具体诊治不详。近1个月患者尚需症状加重，伴气短，伴腹胀，发作频繁，稍有活动就发作，无平卧受限及夜间憋醒，为求进一步诊治来诊。病来无发热，无咳嗽、咳痰，无头晕、头痛，无恶心、呕吐，无腹泻、腹痛，无抽搐及意识障碍，精神可，饮食、睡眠可，二便正常。</content><doctor>王荣军/于医生</doctor></mr><mr><time>1479023580</time><content>患者近3年无明显胸痛，伴后背部疼痛，以心前区及胸骨后压榨样疼痛，无明显气短，无出汗，多于活动后出现，持续数分钟指10分钟可缓解，曾就诊于我院门诊及外院，具体诊治不详。近1个月患者尚需症状加重，伴气短，伴腹胀，发作频繁，稍有活动就发作，无平卧受限及夜间憋醒，为求进一步诊治来诊。病来无发热，无咳嗽、咳痰，无头晕、头痛，无恶心、呕吐，无腹泻、腹痛，无抽搐及意识障碍，精神可，饮食、睡眠可，二便正常。</content><doctor>王新欣</doctor></mr><mr><time>1479089580</time><content>患者近3年无明显胸痛，伴后背部疼痛，以心前区及胸骨后压榨样疼痛，无明显气短，无出汗，多于活动后出现，持续数分钟指10分钟可缓解，曾就诊于我院门诊及外院，具体诊治不详。近1个月患者尚需症状加重，伴气短，伴腹胀，发作频繁，稍有活动就发作，无平卧受限及夜间憋醒，为求进一步诊治来诊。病来无发热，无咳嗽、咳痰，无头晕、头痛，无恶心、呕吐，无腹泻、腹痛，无抽搐及意识障碍，精神可，饮食、睡眠可，二便正常。</content><doctor>孙医生</doctor></mr></medical_record>', '男', '74', '1', '阜新市', '汉族', '退休', 'XX公司退休', 'XX小区', '患者本人', '9', '18941834183', '7');
INSERT INTO `hospital`.`patient` (`pat_id`, `pat_name`, `cash_pledge`, `admission_date`, `record_data`, `department`, `sickbad`, `medical_history`, `medical_record`, `sex`, `age`, `marriage`, `birthplace`, `nationality`, `job`, `company`, `address`, `provider`, `reliability`, `phone`, `room_id`) VALUES 
('1100001', '钱某某', '872', '1457545920', '1457545920', '心内三科', '50501', '<?xml version="1.0" encoding="UTF-8"?><medical_historys><mh><name>病史</name><ename>bs</ename><content><section><name>主述</name><content>胸痛3年，加重1个月。</content></section><section><name>现病史</name><content>患者近3年无明显胸痛，伴后背部疼痛，以心前区及胸骨后压榨样疼痛，无明显气短，无出汗，多于活动后出现，持续数分钟指10分钟可缓解，曾就诊于我院门诊及外院，具体诊治不详。近1个月患者尚需症状加重，伴气短，伴腹胀，发作频繁，稍有活动就发作，无平卧受限及夜间憋醒，为求进一步诊治来诊。病来无发热，无咳嗽、咳痰，无头晕、头痛，无恶心、呕吐，无腹泻、腹痛，无抽搐及意识障碍，精神可，饮食、睡眠可，二便正常。</content></section><section><name>既往史</name><content>否认高血压，否认糖尿病，否认感言、结核等传染病史，否认手术、输血、外伤史，否认硫胺类药物、青霉素、头孢菌素过敏史，预防接种史不详。</content></section><section><name>个人史</name><content>生于原籍，否认长期外地居住史，否认疫区居留史，否认特殊化学品及放射性接触史。吸烟史30年，平均10余支/日，。否认饮酒。</content></section><section><name>婚育史</name><content>已婚，30岁结婚，配偶尚在，育有2子1女，子女均体健。</content></section><section><name>家族史</name><content>父母已故。家族中否认遗传性疾病及类似病史。</content></section></content></mh><mh><name>体格检查</name><ename>tgjc</ename><content><![CDATA[T：36.3℃P：86次/分R：18次/分BP：150/88mmHg<br/><b>&nbsp;&nbsp;&nbsp;&nbsp;一般情况：</b>发育正常，营养良好，步入病室，平卧体位，表情自然，语言流利，无病容，神志清楚，查体合作，步态正常，正力型体型。<br/><b>&nbsp;&nbsp;&nbsp;&nbsp;皮肤粘膜：</b>全身皮肤及粘膜正常，无皮疹。未见皮下出血。毛发状况：正常，皮肤湿度正常，弹性正常，无水肿，无肝掌，未见蜘蛛痣。<br/><b>&nbsp;&nbsp;&nbsp;&nbsp;淋巴结：</b>全身浅表淋巴未触及肿大。<br/><b>&nbsp;&nbsp;&nbsp;&nbsp;头颅：</b>头颅外形正常，皮肤正常。<b>眼：</b>眼睑正常，眼球无凸出及凹陷、无斜视、震颤及运动障碍，双眼眼球正常，结膜正常，角膜透明，无溃疡。巩膜无黄染，双侧瞳孔等大等圆，瞳孔直径3.0mm，对光反射及调节均正常。<b>耳：</b>双耳耳廓外形正常，无畸形，双侧无乳突压痛，外耳道畅通，不可见分泌物。<b>鼻：</b>鼻外形正常，鼻中隔无偏曲，嗅觉正常，上额窦与额窦无压痛，无鼻塞，无分泌物，无鼻翼扇动。<b>口腔：</b>口唇无发绀，口腔粘膜光滑，腮腺导管开口正常，伸舌居中，齿龈无红肿溢脓，牙齿排列整齐，双侧扁桃体无肿大，表面未见脓点，悬雍垂居中，咽无充血，声音正常。<br/><b>&nbsp;&nbsp;&nbsp;&nbsp;颈部：</b>颈软，无抵抗感，气管居中，经静脉充盈正常，肝经静脉回流征阴性，颈动脉搏动正常，甲状腺未触及肿大。<br/><b>&nbsp;&nbsp;&nbsp;&nbsp;胸部：</b>胸廓正常，呼吸节律正常，肋间隙正常，胸壁未见静脉曲张，无结节及肿块，无胸骨叩痛。双乳房对称，未触及包块。<br/><b>&nbsp;&nbsp;&nbsp;&nbsp;肺：</b><b>视诊：</b>呈胸式呼吸，呼吸运动正常，肋间隙未见明显异常。<b>触诊：</b>语颤正常，双肺未触及胸膜摩擦感，未触及皮下埝发感。<b>听诊：</b>双肺未闻及呼吸音异常，双肺未闻及干湿罗音，未闻及胸膜摩擦音，满肺语音传导未及明显异常。<b>叩诊：</b>双肺叩诊呈清音。<br/><b>&nbsp;&nbsp;&nbsp;&nbsp;心：</b><b>视诊：</b>心前区无隆起，未见心尖搏动，心尖搏动位于第5根肋间左锁骨中线内0.5cm，心前区无异常波动。<b>触诊：</b>未触及心尖搏动，未触及震颤，无心包摩擦感。<b>叩诊：</b>心界不大。<b>听诊：</b>心率：86次/分，律齐，心音有力，P2=A2,。各瓣膜听诊区未闻及病理性杂音，不可闻及额外心音，未闻及心包摩擦音。<br/><b>&nbsp;&nbsp;&nbsp;&nbsp;大血管及动脉：</b>周围血管征阴性。<br/><b>&nbsp;&nbsp;&nbsp;&nbsp;腹部：</b><b>视诊：</b>腹部平坦，未见肠胃型及蠕动波。腹壁未见手术瘢痕，脐部正常，腹式呼吸存在。<b>触诊：</b>腹部柔软，无液波振动，无振水音，无触及腹部肿块。全腹未可及压痛，无反跳痛，无肌紧张。肝胀肋下未触及。胆囊肋下未触及。脾脏未触及。肾未触及。<b>听诊：</b>肠鸣音正常，无气过水声，未闻及腹部血管杂音。<br/><b>&nbsp;&nbsp;&nbsp;&nbsp;肛门、直肠及外生殖器：</b>未查。<br/><b>&nbsp;&nbsp;&nbsp;&nbsp;脊柱四肢：</b>脊柱正常生理弯曲，活动自如，无压痛及叩击痛。四肢活动自如，双上肢、双下肢无畸形，关节无红肿，活动自如，皮温正常。无杵状指、趾，双下肢无明显水肿<br/><b>&nbsp;&nbsp;&nbsp;&nbsp;神经系统：</b>腹壁反射存在，双侧肱二、肱三头肌正常，四肢肌力V，双侧Babinski征、Hoffman征阴性。]]></content></mh><mh><name>专科检查</name><ename>zkjc</ename><content><![CDATA[T：36.3℃P：86次/分R：18次/分BP：150/88mmHg神清语明，呼吸平稳，口唇无发绀，颈静脉无怒张，双肺听诊呼吸音粗，未闻及干湿罗音，心界不大，心率86次/分，律齐，心音有力，各瓣膜听诊区未闻及杂音，腹软，无压痛、反跳痛及肌紧张，肝脾肋下未触及，双下肢无浮肿。]]></content></mh><mh><name>实验室及其他检查</name><ename>qtjc</ename><content><section><name>心电图</name><content>窦性心律，左束支传导阻滞，I度房室传导阻滞。</content></section></content></mh><mh><name>初步诊断</name><ename>cbzd</ename><content><![CDATA[冠心病<br/>&nbsp;&nbsp;&nbsp;&nbsp;不稳定性心绞痛<br/>&nbsp;&nbsp;&nbsp;&nbsp;心功能III级<br/>心率失常<br/>&nbsp;&nbsp;&nbsp;&nbsp;左束支传导阻滞<br/>&nbsp;&nbsp;&nbsp;&nbsp;I度房室传导阻滞<br/>诊断日期：2016年11月09日诊断医师：董医生]]></content></mh><mh><name>确定诊断</name><ename>qdzd</ename><content><![CDATA[冠心病<br/>&nbsp;&nbsp;&nbsp;&nbsp;急性心肌梗死<br/>&nbsp;&nbsp;&nbsp;&nbsp;KILLIP2级<br/>&nbsp;&nbsp;&nbsp;&nbsp;心律失常<br/>&nbsp;&nbsp;&nbsp;&nbsp;左束支传导阻滞<br/>&nbsp;&nbsp;&nbsp;&nbsp;I度房室传导阻滞<br/>诊断日期：2016年11月11日诊断医师：孙医生]]></content></mh></medical_historys>', '<?xml version="1.0" encoding="UTF-8"?><medical_record><mr><time>1478658540</time><content>患者近3年无明显胸痛，伴后背部疼痛，以心前区及胸骨后压榨样疼痛，无明显气短，无出汗，多于活动后出现，持续数分钟指10分钟可缓解，曾就诊于我院门诊及外院，具体诊治不详。近1个月患者尚需症状加重，伴气短，伴腹胀，发作频繁，稍有活动就发作，无平卧受限及夜间憋醒，为求进一步诊治来诊。病来无发热，无咳嗽、咳痰，无头晕、头痛，无恶心、呕吐，无腹泻、腹痛，无抽搐及意识障碍，精神可，饮食、睡眠可，二便正常。</content><doctor>董医生</doctor></mr><mr><time>1478658720</time><content>患者近3年无明显胸痛，伴后背部疼痛，以心前区及胸骨后压榨样疼痛，无明显气短，无出汗，多于活动后出现，持续数分钟指10分钟可缓解，曾就诊于我院门诊及外院，具体诊治不详。近1个月患者尚需症状加重，伴气短，伴腹胀，发作频繁，稍有活动就发作，无平卧受限及夜间憋醒，为求进一步诊治来诊。病来无发热，无咳嗽、咳痰，无头晕、头痛，无恶心、呕吐，无腹泻、腹痛，无抽搐及意识障碍，精神可，饮食、睡眠可，二便正常。</content><doctor>董医生</doctor></mr><mr><time>1478755860</time><content>患者近3年无明显胸痛，伴后背部疼痛，以心前区及胸骨后压榨样疼痛，无明显气短，无出汗，多于活动后出现，持续数分钟指10分钟可缓解，曾就诊于我院门诊及外院，具体诊治不详。近1个月患者尚需症状加重，伴气短，伴腹胀，发作频繁，稍有活动就发作，无平卧受限及夜间憋醒，为求进一步诊治来诊。病来无发热，无咳嗽、咳痰，无头晕、头痛，无恶心、呕吐，无腹泻、腹痛，无抽搐及意识障碍，精神可，饮食、睡眠可，二便正常。</content><doctor>孙医生</doctor></mr><mr><time>1478756340</time><content>患者近3年无明显胸痛，伴后背部疼痛，以心前区及胸骨后压榨样疼痛，无明显气短，无出汗，多于活动后出现，持续数分钟指10分钟可缓解，曾就诊于我院门诊及外院，具体诊治不详。近1个月患者尚需症状加重，伴气短，伴腹胀，发作频繁，稍有活动就发作，无平卧受限及夜间憋醒，为求进一步诊治来诊。病来无发热，无咳嗽、咳痰，无头晕、头痛，无恶心、呕吐，无腹泻、腹痛，无抽搐及意识障碍，精神可，饮食、睡眠可，二便正常。</content><doctor>孙医生/于医生</doctor></mr><mr><time>1478829060</time><content>患者近3年无明显胸痛，伴后背部疼痛，以心前区及胸骨后压榨样疼痛，无明显气短，无出汗，多于活动后出现，持续数分钟指10分钟可缓解，曾就诊于我院门诊及外院，具体诊治不详。近1个月患者尚需症状加重，伴气短，伴腹胀，发作频繁，稍有活动就发作，无平卧受限及夜间憋醒，为求进一步诊治来诊。病来无发热，无咳嗽、咳痰，无头晕、头痛，无恶心、呕吐，无腹泻、腹痛，无抽搐及意识障碍，精神可，饮食、睡眠可，二便正常。</content><doctor>王荣军/于医生</doctor></mr><mr><time>1479023580</time><content>患者近3年无明显胸痛，伴后背部疼痛，以心前区及胸骨后压榨样疼痛，无明显气短，无出汗，多于活动后出现，持续数分钟指10分钟可缓解，曾就诊于我院门诊及外院，具体诊治不详。近1个月患者尚需症状加重，伴气短，伴腹胀，发作频繁，稍有活动就发作，无平卧受限及夜间憋醒，为求进一步诊治来诊。病来无发热，无咳嗽、咳痰，无头晕、头痛，无恶心、呕吐，无腹泻、腹痛，无抽搐及意识障碍，精神可，饮食、睡眠可，二便正常。</content><doctor>王新欣</doctor></mr><mr><time>1479089580</time><content>患者近3年无明显胸痛，伴后背部疼痛，以心前区及胸骨后压榨样疼痛，无明显气短，无出汗，多于活动后出现，持续数分钟指10分钟可缓解，曾就诊于我院门诊及外院，具体诊治不详。近1个月患者尚需症状加重，伴气短，伴腹胀，发作频繁，稍有活动就发作，无平卧受限及夜间憋醒，为求进一步诊治来诊。病来无发热，无咳嗽、咳痰，无头晕、头痛，无恶心、呕吐，无腹泻、腹痛，无抽搐及意识障碍，精神可，饮食、睡眠可，二便正常。</content><doctor>孙医生</doctor></mr></medical_record>', '男', '74', '1', '阜新市', '汉族', '退休', 'XX公司退休', 'XX小区', '患者本人', '9', '18941831831', '22');
INSERT INTO `hospital`.`patient` (`pat_id`, `pat_name`, `cash_pledge`, `admission_date`, `record_data`, `department`, `sickbad`, `medical_history`, `medical_record`, `sex`, `age`, `marriage`, `birthplace`, `nationality`, `job`, `company`, `address`, `provider`, `reliability`, `phone`, `room_id`) VALUES 
('1150001', '孙某某', '3054', '1457982660', '1457982660', '心内三科', '50301', '<?xml version="1.0" encoding="UTF-8"?><medical_historys><mh><name>病史</name><ename>bs</ename><content><section><name>主述</name><content>胸痛3年，加重1个月。</content></section><section><name>现病史</name><content>患者近3年无明显胸痛，伴后背部疼痛，以心前区及胸骨后压榨样疼痛，无明显气短，无出汗，多于活动后出现，持续数分钟指10分钟可缓解，曾就诊于我院门诊及外院，具体诊治不详。近1个月患者尚需症状加重，伴气短，伴腹胀，发作频繁，稍有活动就发作，无平卧受限及夜间憋醒，为求进一步诊治来诊。病来无发热，无咳嗽、咳痰，无头晕、头痛，无恶心、呕吐，无腹泻、腹痛，无抽搐及意识障碍，精神可，饮食、睡眠可，二便正常。</content></section><section><name>既往史</name><content>否认高血压，否认糖尿病，否认感言、结核等传染病史，否认手术、输血、外伤史，否认硫胺类药物、青霉素、头孢菌素过敏史，预防接种史不详。</content></section><section><name>个人史</name><content>生于原籍，否认长期外地居住史，否认疫区居留史，否认特殊化学品及放射性接触史。吸烟史30年，平均10余支/日，。否认饮酒。</content></section><section><name>婚育史</name><content>已婚，30岁结婚，配偶尚在，育有2子1女，子女均体健。</content></section><section><name>家族史</name><content>父母已故。家族中否认遗传性疾病及类似病史。</content></section></content></mh><mh><name>体格检查</name><ename>tgjc</ename><content><![CDATA[T：36.3℃P：86次/分R：18次/分BP：150/88mmHg<br/><b>&nbsp;&nbsp;&nbsp;&nbsp;一般情况：</b>发育正常，营养良好，步入病室，平卧体位，表情自然，语言流利，无病容，神志清楚，查体合作，步态正常，正力型体型。<br/><b>&nbsp;&nbsp;&nbsp;&nbsp;皮肤粘膜：</b>全身皮肤及粘膜正常，无皮疹。未见皮下出血。毛发状况：正常，皮肤湿度正常，弹性正常，无水肿，无肝掌，未见蜘蛛痣。<br/><b>&nbsp;&nbsp;&nbsp;&nbsp;淋巴结：</b>全身浅表淋巴未触及肿大。<br/><b>&nbsp;&nbsp;&nbsp;&nbsp;头颅：</b>头颅外形正常，皮肤正常。<b>眼：</b>眼睑正常，眼球无凸出及凹陷、无斜视、震颤及运动障碍，双眼眼球正常，结膜正常，角膜透明，无溃疡。巩膜无黄染，双侧瞳孔等大等圆，瞳孔直径3.0mm，对光反射及调节均正常。<b>耳：</b>双耳耳廓外形正常，无畸形，双侧无乳突压痛，外耳道畅通，不可见分泌物。<b>鼻：</b>鼻外形正常，鼻中隔无偏曲，嗅觉正常，上额窦与额窦无压痛，无鼻塞，无分泌物，无鼻翼扇动。<b>口腔：</b>口唇无发绀，口腔粘膜光滑，腮腺导管开口正常，伸舌居中，齿龈无红肿溢脓，牙齿排列整齐，双侧扁桃体无肿大，表面未见脓点，悬雍垂居中，咽无充血，声音正常。<br/><b>&nbsp;&nbsp;&nbsp;&nbsp;颈部：</b>颈软，无抵抗感，气管居中，经静脉充盈正常，肝经静脉回流征阴性，颈动脉搏动正常，甲状腺未触及肿大。<br/><b>&nbsp;&nbsp;&nbsp;&nbsp;胸部：</b>胸廓正常，呼吸节律正常，肋间隙正常，胸壁未见静脉曲张，无结节及肿块，无胸骨叩痛。双乳房对称，未触及包块。<br/><b>&nbsp;&nbsp;&nbsp;&nbsp;肺：</b><b>视诊：</b>呈胸式呼吸，呼吸运动正常，肋间隙未见明显异常。<b>触诊：</b>语颤正常，双肺未触及胸膜摩擦感，未触及皮下埝发感。<b>听诊：</b>双肺未闻及呼吸音异常，双肺未闻及干湿罗音，未闻及胸膜摩擦音，满肺语音传导未及明显异常。<b>叩诊：</b>双肺叩诊呈清音。<br/><b>&nbsp;&nbsp;&nbsp;&nbsp;心：</b><b>视诊：</b>心前区无隆起，未见心尖搏动，心尖搏动位于第5根肋间左锁骨中线内0.5cm，心前区无异常波动。<b>触诊：</b>未触及心尖搏动，未触及震颤，无心包摩擦感。<b>叩诊：</b>心界不大。<b>听诊：</b>心率：86次/分，律齐，心音有力，P2=A2,。各瓣膜听诊区未闻及病理性杂音，不可闻及额外心音，未闻及心包摩擦音。<br/><b>&nbsp;&nbsp;&nbsp;&nbsp;大血管及动脉：</b>周围血管征阴性。<br/><b>&nbsp;&nbsp;&nbsp;&nbsp;腹部：</b><b>视诊：</b>腹部平坦，未见肠胃型及蠕动波。腹壁未见手术瘢痕，脐部正常，腹式呼吸存在。<b>触诊：</b>腹部柔软，无液波振动，无振水音，无触及腹部肿块。全腹未可及压痛，无反跳痛，无肌紧张。肝胀肋下未触及。胆囊肋下未触及。脾脏未触及。肾未触及。<b>听诊：</b>肠鸣音正常，无气过水声，未闻及腹部血管杂音。<br/><b>&nbsp;&nbsp;&nbsp;&nbsp;肛门、直肠及外生殖器：</b>未查。<br/><b>&nbsp;&nbsp;&nbsp;&nbsp;脊柱四肢：</b>脊柱正常生理弯曲，活动自如，无压痛及叩击痛。四肢活动自如，双上肢、双下肢无畸形，关节无红肿，活动自如，皮温正常。无杵状指、趾，双下肢无明显水肿<br/><b>&nbsp;&nbsp;&nbsp;&nbsp;神经系统：</b>腹壁反射存在，双侧肱二、肱三头肌正常，四肢肌力V，双侧Babinski征、Hoffman征阴性。]]></content></mh><mh><name>专科检查</name><ename>zkjc</ename><content><![CDATA[T：36.3℃P：86次/分R：18次/分BP：150/88mmHg神清语明，呼吸平稳，口唇无发绀，颈静脉无怒张，双肺听诊呼吸音粗，未闻及干湿罗音，心界不大，心率86次/分，律齐，心音有力，各瓣膜听诊区未闻及杂音，腹软，无压痛、反跳痛及肌紧张，肝脾肋下未触及，双下肢无浮肿。]]></content></mh><mh><name>实验室及其他检查</name><ename>qtjc</ename><content><section><name>心电图</name><content>窦性心律，左束支传导阻滞，I度房室传导阻滞。</content></section></content></mh><mh><name>初步诊断</name><ename>cbzd</ename><content><![CDATA[冠心病<br/>&nbsp;&nbsp;&nbsp;&nbsp;不稳定性心绞痛<br/>&nbsp;&nbsp;&nbsp;&nbsp;心功能III级<br/>心率失常<br/>&nbsp;&nbsp;&nbsp;&nbsp;左束支传导阻滞<br/>&nbsp;&nbsp;&nbsp;&nbsp;I度房室传导阻滞<br/>诊断日期：2016年11月09日诊断医师：董医生]]></content></mh><mh><name>确定诊断</name><ename>qdzd</ename><content><![CDATA[冠心病<br/>&nbsp;&nbsp;&nbsp;&nbsp;急性心肌梗死<br/>&nbsp;&nbsp;&nbsp;&nbsp;KILLIP2级<br/>&nbsp;&nbsp;&nbsp;&nbsp;心律失常<br/>&nbsp;&nbsp;&nbsp;&nbsp;左束支传导阻滞<br/>&nbsp;&nbsp;&nbsp;&nbsp;I度房室传导阻滞<br/>诊断日期：2016年11月11日诊断医师：孙医生]]></content></mh></medical_historys>', '<?xml version="1.0" encoding="UTF-8"?><medical_record><mr><time>1478658540</time><content>患者近3年无明显胸痛，伴后背部疼痛，以心前区及胸骨后压榨样疼痛，无明显气短，无出汗，多于活动后出现，持续数分钟指10分钟可缓解，曾就诊于我院门诊及外院，具体诊治不详。近1个月患者尚需症状加重，伴气短，伴腹胀，发作频繁，稍有活动就发作，无平卧受限及夜间憋醒，为求进一步诊治来诊。病来无发热，无咳嗽、咳痰，无头晕、头痛，无恶心、呕吐，无腹泻、腹痛，无抽搐及意识障碍，精神可，饮食、睡眠可，二便正常。</content><doctor>董医生</doctor></mr><mr><time>1478658720</time><content>患者近3年无明显胸痛，伴后背部疼痛，以心前区及胸骨后压榨样疼痛，无明显气短，无出汗，多于活动后出现，持续数分钟指10分钟可缓解，曾就诊于我院门诊及外院，具体诊治不详。近1个月患者尚需症状加重，伴气短，伴腹胀，发作频繁，稍有活动就发作，无平卧受限及夜间憋醒，为求进一步诊治来诊。病来无发热，无咳嗽、咳痰，无头晕、头痛，无恶心、呕吐，无腹泻、腹痛，无抽搐及意识障碍，精神可，饮食、睡眠可，二便正常。</content><doctor>董医生</doctor></mr><mr><time>1478755860</time><content>患者近3年无明显胸痛，伴后背部疼痛，以心前区及胸骨后压榨样疼痛，无明显气短，无出汗，多于活动后出现，持续数分钟指10分钟可缓解，曾就诊于我院门诊及外院，具体诊治不详。近1个月患者尚需症状加重，伴气短，伴腹胀，发作频繁，稍有活动就发作，无平卧受限及夜间憋醒，为求进一步诊治来诊。病来无发热，无咳嗽、咳痰，无头晕、头痛，无恶心、呕吐，无腹泻、腹痛，无抽搐及意识障碍，精神可，饮食、睡眠可，二便正常。</content><doctor>孙医生</doctor></mr><mr><time>1478756340</time><content>患者近3年无明显胸痛，伴后背部疼痛，以心前区及胸骨后压榨样疼痛，无明显气短，无出汗，多于活动后出现，持续数分钟指10分钟可缓解，曾就诊于我院门诊及外院，具体诊治不详。近1个月患者尚需症状加重，伴气短，伴腹胀，发作频繁，稍有活动就发作，无平卧受限及夜间憋醒，为求进一步诊治来诊。病来无发热，无咳嗽、咳痰，无头晕、头痛，无恶心、呕吐，无腹泻、腹痛，无抽搐及意识障碍，精神可，饮食、睡眠可，二便正常。</content><doctor>孙医生/于医生</doctor></mr><mr><time>1478829060</time><content>患者近3年无明显胸痛，伴后背部疼痛，以心前区及胸骨后压榨样疼痛，无明显气短，无出汗，多于活动后出现，持续数分钟指10分钟可缓解，曾就诊于我院门诊及外院，具体诊治不详。近1个月患者尚需症状加重，伴气短，伴腹胀，发作频繁，稍有活动就发作，无平卧受限及夜间憋醒，为求进一步诊治来诊。病来无发热，无咳嗽、咳痰，无头晕、头痛，无恶心、呕吐，无腹泻、腹痛，无抽搐及意识障碍，精神可，饮食、睡眠可，二便正常。</content><doctor>王荣军/于医生</doctor></mr><mr><time>1479023580</time><content>患者近3年无明显胸痛，伴后背部疼痛，以心前区及胸骨后压榨样疼痛，无明显气短，无出汗，多于活动后出现，持续数分钟指10分钟可缓解，曾就诊于我院门诊及外院，具体诊治不详。近1个月患者尚需症状加重，伴气短，伴腹胀，发作频繁，稍有活动就发作，无平卧受限及夜间憋醒，为求进一步诊治来诊。病来无发热，无咳嗽、咳痰，无头晕、头痛，无恶心、呕吐，无腹泻、腹痛，无抽搐及意识障碍，精神可，饮食、睡眠可，二便正常。</content><doctor>王新欣</doctor></mr><mr><time>1479089580</time><content>患者近3年无明显胸痛，伴后背部疼痛，以心前区及胸骨后压榨样疼痛，无明显气短，无出汗，多于活动后出现，持续数分钟指10分钟可缓解，曾就诊于我院门诊及外院，具体诊治不详。近1个月患者尚需症状加重，伴气短，伴腹胀，发作频繁，稍有活动就发作，无平卧受限及夜间憋醒，为求进一步诊治来诊。病来无发热，无咳嗽、咳痰，无头晕、头痛，无恶心、呕吐，无腹泻、腹痛，无抽搐及意识障碍，精神可，饮食、睡眠可，二便正常。</content><doctor>孙医生</doctor></mr></medical_record>', '男', '74', '1', '阜新市', '汉族', '退休', 'XX公司退休', 'XX小区', '患者本人', '9', '18941838311', '24');
INSERT INTO `hospital`.`patient` (`pat_id`, `pat_name`, `cash_pledge`, `admission_date`, `record_data`, `department`, `sickbad`, `medical_history`, `medical_record`, `sex`, `age`, `marriage`, `birthplace`, `nationality`, `job`, `company`, `address`, `provider`, `reliability`, `phone`, `room_id`) VALUES 
('1200001', '李某某', '8196', '1458433140', '1458433140', '心内三科', '50101', '<?xml version="1.0" encoding="UTF-8"?><medical_historys><mh><name>病史</name><ename>bs</ename><content><section><name>主述</name><content>胸痛3年，加重1个月。</content></section><section><name>现病史</name><content>患者近3年无明显胸痛，伴后背部疼痛，以心前区及胸骨后压榨样疼痛，无明显气短，无出汗，多于活动后出现，持续数分钟指10分钟可缓解，曾就诊于我院门诊及外院，具体诊治不详。近1个月患者尚需症状加重，伴气短，伴腹胀，发作频繁，稍有活动就发作，无平卧受限及夜间憋醒，为求进一步诊治来诊。病来无发热，无咳嗽、咳痰，无头晕、头痛，无恶心、呕吐，无腹泻、腹痛，无抽搐及意识障碍，精神可，饮食、睡眠可，二便正常。</content></section><section><name>既往史</name><content>否认高血压，否认糖尿病，否认感言、结核等传染病史，否认手术、输血、外伤史，否认硫胺类药物、青霉素、头孢菌素过敏史，预防接种史不详。</content></section><section><name>个人史</name><content>生于原籍，否认长期外地居住史，否认疫区居留史，否认特殊化学品及放射性接触史。吸烟史30年，平均10余支/日，。否认饮酒。</content></section><section><name>婚育史</name><content>已婚，30岁结婚，配偶尚在，育有2子1女，子女均体健。</content></section><section><name>家族史</name><content>父母已故。家族中否认遗传性疾病及类似病史。</content></section></content></mh><mh><name>体格检查</name><ename>tgjc</ename><content><![CDATA[T：36.3℃P：86次/分R：18次/分BP：150/88mmHg<br/><b>&nbsp;&nbsp;&nbsp;&nbsp;一般情况：</b>发育正常，营养良好，步入病室，平卧体位，表情自然，语言流利，无病容，神志清楚，查体合作，步态正常，正力型体型。<br/><b>&nbsp;&nbsp;&nbsp;&nbsp;皮肤粘膜：</b>全身皮肤及粘膜正常，无皮疹。未见皮下出血。毛发状况：正常，皮肤湿度正常，弹性正常，无水肿，无肝掌，未见蜘蛛痣。<br/><b>&nbsp;&nbsp;&nbsp;&nbsp;淋巴结：</b>全身浅表淋巴未触及肿大。<br/><b>&nbsp;&nbsp;&nbsp;&nbsp;头颅：</b>头颅外形正常，皮肤正常。<b>眼：</b>眼睑正常，眼球无凸出及凹陷、无斜视、震颤及运动障碍，双眼眼球正常，结膜正常，角膜透明，无溃疡。巩膜无黄染，双侧瞳孔等大等圆，瞳孔直径3.0mm，对光反射及调节均正常。<b>耳：</b>双耳耳廓外形正常，无畸形，双侧无乳突压痛，外耳道畅通，不可见分泌物。<b>鼻：</b>鼻外形正常，鼻中隔无偏曲，嗅觉正常，上额窦与额窦无压痛，无鼻塞，无分泌物，无鼻翼扇动。<b>口腔：</b>口唇无发绀，口腔粘膜光滑，腮腺导管开口正常，伸舌居中，齿龈无红肿溢脓，牙齿排列整齐，双侧扁桃体无肿大，表面未见脓点，悬雍垂居中，咽无充血，声音正常。<br/><b>&nbsp;&nbsp;&nbsp;&nbsp;颈部：</b>颈软，无抵抗感，气管居中，经静脉充盈正常，肝经静脉回流征阴性，颈动脉搏动正常，甲状腺未触及肿大。<br/><b>&nbsp;&nbsp;&nbsp;&nbsp;胸部：</b>胸廓正常，呼吸节律正常，肋间隙正常，胸壁未见静脉曲张，无结节及肿块，无胸骨叩痛。双乳房对称，未触及包块。<br/><b>&nbsp;&nbsp;&nbsp;&nbsp;肺：</b><b>视诊：</b>呈胸式呼吸，呼吸运动正常，肋间隙未见明显异常。<b>触诊：</b>语颤正常，双肺未触及胸膜摩擦感，未触及皮下埝发感。<b>听诊：</b>双肺未闻及呼吸音异常，双肺未闻及干湿罗音，未闻及胸膜摩擦音，满肺语音传导未及明显异常。<b>叩诊：</b>双肺叩诊呈清音。<br/><b>&nbsp;&nbsp;&nbsp;&nbsp;心：</b><b>视诊：</b>心前区无隆起，未见心尖搏动，心尖搏动位于第5根肋间左锁骨中线内0.5cm，心前区无异常波动。<b>触诊：</b>未触及心尖搏动，未触及震颤，无心包摩擦感。<b>叩诊：</b>心界不大。<b>听诊：</b>心率：86次/分，律齐，心音有力，P2=A2,。各瓣膜听诊区未闻及病理性杂音，不可闻及额外心音，未闻及心包摩擦音。<br/><b>&nbsp;&nbsp;&nbsp;&nbsp;大血管及动脉：</b>周围血管征阴性。<br/><b>&nbsp;&nbsp;&nbsp;&nbsp;腹部：</b><b>视诊：</b>腹部平坦，未见肠胃型及蠕动波。腹壁未见手术瘢痕，脐部正常，腹式呼吸存在。<b>触诊：</b>腹部柔软，无液波振动，无振水音，无触及腹部肿块。全腹未可及压痛，无反跳痛，无肌紧张。肝胀肋下未触及。胆囊肋下未触及。脾脏未触及。肾未触及。<b>听诊：</b>肠鸣音正常，无气过水声，未闻及腹部血管杂音。<br/><b>&nbsp;&nbsp;&nbsp;&nbsp;肛门、直肠及外生殖器：</b>未查。<br/><b>&nbsp;&nbsp;&nbsp;&nbsp;脊柱四肢：</b>脊柱正常生理弯曲，活动自如，无压痛及叩击痛。四肢活动自如，双上肢、双下肢无畸形，关节无红肿，活动自如，皮温正常。无杵状指、趾，双下肢无明显水肿<br/><b>&nbsp;&nbsp;&nbsp;&nbsp;神经系统：</b>腹壁反射存在，双侧肱二、肱三头肌正常，四肢肌力V，双侧Babinski征、Hoffman征阴性。]]></content></mh><mh><name>专科检查</name><ename>zkjc</ename><content><![CDATA[T：36.3℃P：86次/分R：18次/分BP：150/88mmHg神清语明，呼吸平稳，口唇无发绀，颈静脉无怒张，双肺听诊呼吸音粗，未闻及干湿罗音，心界不大，心率86次/分，律齐，心音有力，各瓣膜听诊区未闻及杂音，腹软，无压痛、反跳痛及肌紧张，肝脾肋下未触及，双下肢无浮肿。]]></content></mh><mh><name>实验室及其他检查</name><ename>qtjc</ename><content><section><name>心电图</name><content>窦性心律，左束支传导阻滞，I度房室传导阻滞。</content></section></content></mh><mh><name>初步诊断</name><ename>cbzd</ename><content><![CDATA[冠心病<br/>&nbsp;&nbsp;&nbsp;&nbsp;不稳定性心绞痛<br/>&nbsp;&nbsp;&nbsp;&nbsp;心功能III级<br/>心率失常<br/>&nbsp;&nbsp;&nbsp;&nbsp;左束支传导阻滞<br/>&nbsp;&nbsp;&nbsp;&nbsp;I度房室传导阻滞<br/>诊断日期：2016年11月09日诊断医师：董医生]]></content></mh><mh><name>确定诊断</name><ename>qdzd</ename><content><![CDATA[冠心病<br/>&nbsp;&nbsp;&nbsp;&nbsp;急性心肌梗死<br/>&nbsp;&nbsp;&nbsp;&nbsp;KILLIP2级<br/>&nbsp;&nbsp;&nbsp;&nbsp;心律失常<br/>&nbsp;&nbsp;&nbsp;&nbsp;左束支传导阻滞<br/>&nbsp;&nbsp;&nbsp;&nbsp;I度房室传导阻滞<br/>诊断日期：2016年11月11日诊断医师：孙医生]]></content></mh></medical_historys>', '<?xml version="1.0" encoding="UTF-8"?><medical_record><mr><time>1478658540</time><content>患者近3年无明显胸痛，伴后背部疼痛，以心前区及胸骨后压榨样疼痛，无明显气短，无出汗，多于活动后出现，持续数分钟指10分钟可缓解，曾就诊于我院门诊及外院，具体诊治不详。近1个月患者尚需症状加重，伴气短，伴腹胀，发作频繁，稍有活动就发作，无平卧受限及夜间憋醒，为求进一步诊治来诊。病来无发热，无咳嗽、咳痰，无头晕、头痛，无恶心、呕吐，无腹泻、腹痛，无抽搐及意识障碍，精神可，饮食、睡眠可，二便正常。</content><doctor>董医生</doctor></mr><mr><time>1478658720</time><content>患者近3年无明显胸痛，伴后背部疼痛，以心前区及胸骨后压榨样疼痛，无明显气短，无出汗，多于活动后出现，持续数分钟指10分钟可缓解，曾就诊于我院门诊及外院，具体诊治不详。近1个月患者尚需症状加重，伴气短，伴腹胀，发作频繁，稍有活动就发作，无平卧受限及夜间憋醒，为求进一步诊治来诊。病来无发热，无咳嗽、咳痰，无头晕、头痛，无恶心、呕吐，无腹泻、腹痛，无抽搐及意识障碍，精神可，饮食、睡眠可，二便正常。</content><doctor>董医生</doctor></mr><mr><time>1478755860</time><content>患者近3年无明显胸痛，伴后背部疼痛，以心前区及胸骨后压榨样疼痛，无明显气短，无出汗，多于活动后出现，持续数分钟指10分钟可缓解，曾就诊于我院门诊及外院，具体诊治不详。近1个月患者尚需症状加重，伴气短，伴腹胀，发作频繁，稍有活动就发作，无平卧受限及夜间憋醒，为求进一步诊治来诊。病来无发热，无咳嗽、咳痰，无头晕、头痛，无恶心、呕吐，无腹泻、腹痛，无抽搐及意识障碍，精神可，饮食、睡眠可，二便正常。</content><doctor>孙医生</doctor></mr><mr><time>1478756340</time><content>患者近3年无明显胸痛，伴后背部疼痛，以心前区及胸骨后压榨样疼痛，无明显气短，无出汗，多于活动后出现，持续数分钟指10分钟可缓解，曾就诊于我院门诊及外院，具体诊治不详。近1个月患者尚需症状加重，伴气短，伴腹胀，发作频繁，稍有活动就发作，无平卧受限及夜间憋醒，为求进一步诊治来诊。病来无发热，无咳嗽、咳痰，无头晕、头痛，无恶心、呕吐，无腹泻、腹痛，无抽搐及意识障碍，精神可，饮食、睡眠可，二便正常。</content><doctor>孙医生/于医生</doctor></mr><mr><time>1478829060</time><content>患者近3年无明显胸痛，伴后背部疼痛，以心前区及胸骨后压榨样疼痛，无明显气短，无出汗，多于活动后出现，持续数分钟指10分钟可缓解，曾就诊于我院门诊及外院，具体诊治不详。近1个月患者尚需症状加重，伴气短，伴腹胀，发作频繁，稍有活动就发作，无平卧受限及夜间憋醒，为求进一步诊治来诊。病来无发热，无咳嗽、咳痰，无头晕、头痛，无恶心、呕吐，无腹泻、腹痛，无抽搐及意识障碍，精神可，饮食、睡眠可，二便正常。</content><doctor>王荣军/于医生</doctor></mr><mr><time>1479023580</time><content>患者近3年无明显胸痛，伴后背部疼痛，以心前区及胸骨后压榨样疼痛，无明显气短，无出汗，多于活动后出现，持续数分钟指10分钟可缓解，曾就诊于我院门诊及外院，具体诊治不详。近1个月患者尚需症状加重，伴气短，伴腹胀，发作频繁，稍有活动就发作，无平卧受限及夜间憋醒，为求进一步诊治来诊。病来无发热，无咳嗽、咳痰，无头晕、头痛，无恶心、呕吐，无腹泻、腹痛，无抽搐及意识障碍，精神可，饮食、睡眠可，二便正常。</content><doctor>王新欣</doctor></mr><mr><time>1479089580</time><content>患者近3年无明显胸痛，伴后背部疼痛，以心前区及胸骨后压榨样疼痛，无明显气短，无出汗，多于活动后出现，持续数分钟指10分钟可缓解，曾就诊于我院门诊及外院，具体诊治不详。近1个月患者尚需症状加重，伴气短，伴腹胀，发作频繁，稍有活动就发作，无平卧受限及夜间憋醒，为求进一步诊治来诊。病来无发热，无咳嗽、咳痰，无头晕、头痛，无恶心、呕吐，无腹泻、腹痛，无抽搐及意识障碍，精神可，饮食、睡眠可，二便正常。</content><doctor>孙医生</doctor></mr></medical_record>', '男', '74', '1', '阜新市', '汉族', '退休', 'XX公司退休', 'XX小区', '患者本人', '9', '18941838941', '26');
INSERT INTO `hospital`.`patient` (`pat_id`, `pat_name`, `cash_pledge`, `admission_date`, `record_data`, `department`, `sickbad`, `medical_history`, `medical_record`, `sex`, `age`, `marriage`, `birthplace`, `nationality`, `job`, `company`, `address`, `provider`, `reliability`, `phone`, `room_id`) VALUES 
('1300001', '周某某', '7354', '1459287000', '1459287000', '心内三科', 'CCU03', '<?xml version="1.0" encoding="UTF-8"?><medical_historys><mh><name>病史</name><ename>bs</ename><content><section><name>主述</name><content>胸痛3年，加重1个月。</content></section><section><name>现病史</name><content>患者近3年无明显胸痛，伴后背部疼痛，以心前区及胸骨后压榨样疼痛，无明显气短，无出汗，多于活动后出现，持续数分钟指10分钟可缓解，曾就诊于我院门诊及外院，具体诊治不详。近1个月患者尚需症状加重，伴气短，伴腹胀，发作频繁，稍有活动就发作，无平卧受限及夜间憋醒，为求进一步诊治来诊。病来无发热，无咳嗽、咳痰，无头晕、头痛，无恶心、呕吐，无腹泻、腹痛，无抽搐及意识障碍，精神可，饮食、睡眠可，二便正常。</content></section><section><name>既往史</name><content>否认高血压，否认糖尿病，否认感言、结核等传染病史，否认手术、输血、外伤史，否认硫胺类药物、青霉素、头孢菌素过敏史，预防接种史不详。</content></section><section><name>个人史</name><content>生于原籍，否认长期外地居住史，否认疫区居留史，否认特殊化学品及放射性接触史。吸烟史30年，平均10余支/日，。否认饮酒。</content></section><section><name>婚育史</name><content>已婚，30岁结婚，配偶尚在，育有2子1女，子女均体健。</content></section><section><name>家族史</name><content>父母已故。家族中否认遗传性疾病及类似病史。</content></section></content></mh><mh><name>体格检查</name><ename>tgjc</ename><content><![CDATA[T：36.3℃P：86次/分R：18次/分BP：150/88mmHg<br/><b>&nbsp;&nbsp;&nbsp;&nbsp;一般情况：</b>发育正常，营养良好，步入病室，平卧体位，表情自然，语言流利，无病容，神志清楚，查体合作，步态正常，正力型体型。<br/><b>&nbsp;&nbsp;&nbsp;&nbsp;皮肤粘膜：</b>全身皮肤及粘膜正常，无皮疹。未见皮下出血。毛发状况：正常，皮肤湿度正常，弹性正常，无水肿，无肝掌，未见蜘蛛痣。<br/><b>&nbsp;&nbsp;&nbsp;&nbsp;淋巴结：</b>全身浅表淋巴未触及肿大。<br/><b>&nbsp;&nbsp;&nbsp;&nbsp;头颅：</b>头颅外形正常，皮肤正常。<b>眼：</b>眼睑正常，眼球无凸出及凹陷、无斜视、震颤及运动障碍，双眼眼球正常，结膜正常，角膜透明，无溃疡。巩膜无黄染，双侧瞳孔等大等圆，瞳孔直径3.0mm，对光反射及调节均正常。<b>耳：</b>双耳耳廓外形正常，无畸形，双侧无乳突压痛，外耳道畅通，不可见分泌物。<b>鼻：</b>鼻外形正常，鼻中隔无偏曲，嗅觉正常，上额窦与额窦无压痛，无鼻塞，无分泌物，无鼻翼扇动。<b>口腔：</b>口唇无发绀，口腔粘膜光滑，腮腺导管开口正常，伸舌居中，齿龈无红肿溢脓，牙齿排列整齐，双侧扁桃体无肿大，表面未见脓点，悬雍垂居中，咽无充血，声音正常。<br/><b>&nbsp;&nbsp;&nbsp;&nbsp;颈部：</b>颈软，无抵抗感，气管居中，经静脉充盈正常，肝经静脉回流征阴性，颈动脉搏动正常，甲状腺未触及肿大。<br/><b>&nbsp;&nbsp;&nbsp;&nbsp;胸部：</b>胸廓正常，呼吸节律正常，肋间隙正常，胸壁未见静脉曲张，无结节及肿块，无胸骨叩痛。双乳房对称，未触及包块。<br/><b>&nbsp;&nbsp;&nbsp;&nbsp;肺：</b><b>视诊：</b>呈胸式呼吸，呼吸运动正常，肋间隙未见明显异常。<b>触诊：</b>语颤正常，双肺未触及胸膜摩擦感，未触及皮下埝发感。<b>听诊：</b>双肺未闻及呼吸音异常，双肺未闻及干湿罗音，未闻及胸膜摩擦音，满肺语音传导未及明显异常。<b>叩诊：</b>双肺叩诊呈清音。<br/><b>&nbsp;&nbsp;&nbsp;&nbsp;心：</b><b>视诊：</b>心前区无隆起，未见心尖搏动，心尖搏动位于第5根肋间左锁骨中线内0.5cm，心前区无异常波动。<b>触诊：</b>未触及心尖搏动，未触及震颤，无心包摩擦感。<b>叩诊：</b>心界不大。<b>听诊：</b>心率：86次/分，律齐，心音有力，P2=A2,。各瓣膜听诊区未闻及病理性杂音，不可闻及额外心音，未闻及心包摩擦音。<br/><b>&nbsp;&nbsp;&nbsp;&nbsp;大血管及动脉：</b>周围血管征阴性。<br/><b>&nbsp;&nbsp;&nbsp;&nbsp;腹部：</b><b>视诊：</b>腹部平坦，未见肠胃型及蠕动波。腹壁未见手术瘢痕，脐部正常，腹式呼吸存在。<b>触诊：</b>腹部柔软，无液波振动，无振水音，无触及腹部肿块。全腹未可及压痛，无反跳痛，无肌紧张。肝胀肋下未触及。胆囊肋下未触及。脾脏未触及。肾未触及。<b>听诊：</b>肠鸣音正常，无气过水声，未闻及腹部血管杂音。<br/><b>&nbsp;&nbsp;&nbsp;&nbsp;肛门、直肠及外生殖器：</b>未查。<br/><b>&nbsp;&nbsp;&nbsp;&nbsp;脊柱四肢：</b>脊柱正常生理弯曲，活动自如，无压痛及叩击痛。四肢活动自如，双上肢、双下肢无畸形，关节无红肿，活动自如，皮温正常。无杵状指、趾，双下肢无明显水肿<br/><b>&nbsp;&nbsp;&nbsp;&nbsp;神经系统：</b>腹壁反射存在，双侧肱二、肱三头肌正常，四肢肌力V，双侧Babinski征、Hoffman征阴性。]]></content></mh><mh><name>专科检查</name><ename>zkjc</ename><content><![CDATA[T：36.3℃P：86次/分R：18次/分BP：150/88mmHg神清语明，呼吸平稳，口唇无发绀，颈静脉无怒张，双肺听诊呼吸音粗，未闻及干湿罗音，心界不大，心率86次/分，律齐，心音有力，各瓣膜听诊区未闻及杂音，腹软，无压痛、反跳痛及肌紧张，肝脾肋下未触及，双下肢无浮肿。]]></content></mh><mh><name>实验室及其他检查</name><ename>qtjc</ename><content><section><name>心电图</name><content>窦性心律，左束支传导阻滞，I度房室传导阻滞。</content></section></content></mh><mh><name>初步诊断</name><ename>cbzd</ename><content><![CDATA[冠心病<br/>&nbsp;&nbsp;&nbsp;&nbsp;不稳定性心绞痛<br/>&nbsp;&nbsp;&nbsp;&nbsp;心功能III级<br/>心率失常<br/>&nbsp;&nbsp;&nbsp;&nbsp;左束支传导阻滞<br/>&nbsp;&nbsp;&nbsp;&nbsp;I度房室传导阻滞<br/>诊断日期：2016年11月09日诊断医师：董医生]]></content></mh><mh><name>确定诊断</name><ename>qdzd</ename><content><![CDATA[冠心病<br/>&nbsp;&nbsp;&nbsp;&nbsp;急性心肌梗死<br/>&nbsp;&nbsp;&nbsp;&nbsp;KILLIP2级<br/>&nbsp;&nbsp;&nbsp;&nbsp;心律失常<br/>&nbsp;&nbsp;&nbsp;&nbsp;左束支传导阻滞<br/>&nbsp;&nbsp;&nbsp;&nbsp;I度房室传导阻滞<br/>诊断日期：2016年11月11日诊断医师：孙医生]]></content></mh></medical_historys>', '<?xml version="1.0" encoding="UTF-8"?><medical_record><mr><time>1478658540</time><content>患者近3年无明显胸痛，伴后背部疼痛，以心前区及胸骨后压榨样疼痛，无明显气短，无出汗，多于活动后出现，持续数分钟指10分钟可缓解，曾就诊于我院门诊及外院，具体诊治不详。近1个月患者尚需症状加重，伴气短，伴腹胀，发作频繁，稍有活动就发作，无平卧受限及夜间憋醒，为求进一步诊治来诊。病来无发热，无咳嗽、咳痰，无头晕、头痛，无恶心、呕吐，无腹泻、腹痛，无抽搐及意识障碍，精神可，饮食、睡眠可，二便正常。</content><doctor>董医生</doctor></mr><mr><time>1478658720</time><content>患者近3年无明显胸痛，伴后背部疼痛，以心前区及胸骨后压榨样疼痛，无明显气短，无出汗，多于活动后出现，持续数分钟指10分钟可缓解，曾就诊于我院门诊及外院，具体诊治不详。近1个月患者尚需症状加重，伴气短，伴腹胀，发作频繁，稍有活动就发作，无平卧受限及夜间憋醒，为求进一步诊治来诊。病来无发热，无咳嗽、咳痰，无头晕、头痛，无恶心、呕吐，无腹泻、腹痛，无抽搐及意识障碍，精神可，饮食、睡眠可，二便正常。</content><doctor>董医生</doctor></mr><mr><time>1478755860</time><content>患者近3年无明显胸痛，伴后背部疼痛，以心前区及胸骨后压榨样疼痛，无明显气短，无出汗，多于活动后出现，持续数分钟指10分钟可缓解，曾就诊于我院门诊及外院，具体诊治不详。近1个月患者尚需症状加重，伴气短，伴腹胀，发作频繁，稍有活动就发作，无平卧受限及夜间憋醒，为求进一步诊治来诊。病来无发热，无咳嗽、咳痰，无头晕、头痛，无恶心、呕吐，无腹泻、腹痛，无抽搐及意识障碍，精神可，饮食、睡眠可，二便正常。</content><doctor>孙医生</doctor></mr><mr><time>1478756340</time><content>患者近3年无明显胸痛，伴后背部疼痛，以心前区及胸骨后压榨样疼痛，无明显气短，无出汗，多于活动后出现，持续数分钟指10分钟可缓解，曾就诊于我院门诊及外院，具体诊治不详。近1个月患者尚需症状加重，伴气短，伴腹胀，发作频繁，稍有活动就发作，无平卧受限及夜间憋醒，为求进一步诊治来诊。病来无发热，无咳嗽、咳痰，无头晕、头痛，无恶心、呕吐，无腹泻、腹痛，无抽搐及意识障碍，精神可，饮食、睡眠可，二便正常。</content><doctor>孙医生/于医生</doctor></mr><mr><time>1478829060</time><content>患者近3年无明显胸痛，伴后背部疼痛，以心前区及胸骨后压榨样疼痛，无明显气短，无出汗，多于活动后出现，持续数分钟指10分钟可缓解，曾就诊于我院门诊及外院，具体诊治不详。近1个月患者尚需症状加重，伴气短，伴腹胀，发作频繁，稍有活动就发作，无平卧受限及夜间憋醒，为求进一步诊治来诊。病来无发热，无咳嗽、咳痰，无头晕、头痛，无恶心、呕吐，无腹泻、腹痛，无抽搐及意识障碍，精神可，饮食、睡眠可，二便正常。</content><doctor>王荣军/于医生</doctor></mr><mr><time>1479023580</time><content>患者近3年无明显胸痛，伴后背部疼痛，以心前区及胸骨后压榨样疼痛，无明显气短，无出汗，多于活动后出现，持续数分钟指10分钟可缓解，曾就诊于我院门诊及外院，具体诊治不详。近1个月患者尚需症状加重，伴气短，伴腹胀，发作频繁，稍有活动就发作，无平卧受限及夜间憋醒，为求进一步诊治来诊。病来无发热，无咳嗽、咳痰，无头晕、头痛，无恶心、呕吐，无腹泻、腹痛，无抽搐及意识障碍，精神可，饮食、睡眠可，二便正常。</content><doctor>王新欣</doctor></mr><mr><time>1479089580</time><content>患者近3年无明显胸痛，伴后背部疼痛，以心前区及胸骨后压榨样疼痛，无明显气短，无出汗，多于活动后出现，持续数分钟指10分钟可缓解，曾就诊于我院门诊及外院，具体诊治不详。近1个月患者尚需症状加重，伴气短，伴腹胀，发作频繁，稍有活动就发作，无平卧受限及夜间憋醒，为求进一步诊治来诊。病来无发热，无咳嗽、咳痰，无头晕、头痛，无恶心、呕吐，无腹泻、腹痛，无抽搐及意识障碍，精神可，饮食、睡眠可，二便正常。</content><doctor>孙医生</doctor></mr></medical_record>', '男', '74', '1', '阜新市', '汉族', '退休', 'XX公司退休', 'XX小区', '患者本人', '9', '18941839418', '7');


/*-----医生表-----*/
drop table if exists `doctor`;
create table doctor(
	doc_id int(11) not null auto_increment comment '医生id',
	doc_name varchar(20) not null comment '医生姓名',
	doc_level tinyint(3) not null comment '医生等级（1住院医师，2主治医师，3副主任医师，4主任医师，5配药）',/*（1住院医师，2主治医师，3副主任医师，4主任医师）*/
	is_special tinyint(3) not null comment '是否是专家（1是，0不是）',
	doc_sex varchar(6) not null comment '医生性别',
	doc_phone varchar(12) not null comment '医生手机号',
	entry_date int(13) not null comment '入职日期',
	room_id int(11) not null comment '房间id',
	primary key (doc_id)
) engine=InnoDB default charset=utf8;

INSERT INTO `hospital`.`doctor` (`doc_id`, `doc_name`, `doc_level`, `is_special`, `doc_sex`, `doc_phone`, `entry_date`, `room_id`) VALUES ('1', '丁医生', '4', '0', '男', '18983580341', '567968461', '1');
INSERT INTO `hospital`.`doctor` (`doc_id`, `doc_name`, `doc_level`, `is_special`, `doc_sex`, `doc_phone`, `entry_date`, `room_id`) VALUES ('2', '董医生', '2', '1', '女', '13242425763', '567333333', '4');
INSERT INTO `hospital`.`doctor` (`doc_id`, `doc_name`, `doc_level`, `is_special`, `doc_sex`, `doc_phone`, `entry_date`, `room_id`) VALUES ('3', '孙医生', '5', '0', '女', '15566187214', '567333333', '6');



/*-----护士表-----*/
drop table if exists `nurse`;
create table nurse(
	nur_id int(11) not null auto_increment comment '护士id',
	nur_name varchar(20) not null comment '护士姓名',
	nur_level tinyint(3) not null comment '护士等级（1普通护士，2护士长）',/*（1普通护士，2护士长）*/
	nur_sex varchar(6) not null comment '护士性别',
	nur_phone varchar(12) not null comment '护士手机号',
	entry_date int(13) not null comment '入职日期',
	room_id int(11) not null comment '房间id',
	primary key (nur_id)
) engine=InnoDB default charset=utf8;
INSERT INTO `hospital`.`nurse` (`nur_id`, `nur_name`, `nur_level`, `nur_sex`, `nur_phone`, `entry_date`, `room_id`) VALUES ('1', '曹护士', '2', '女', '13266187214', '943891200', '2');
INSERT INTO `hospital`.`nurse` (`nur_id`, `nur_name`, `nur_level`, `nur_sex`, `nur_phone`, `entry_date`, `room_id`) VALUES ('2', '曹护士', '2', '女', '17183580341', '975513600', '2');
INSERT INTO `hospital`.`nurse` (`nur_id`, `nur_name`, `nur_level`, `nur_sex`, `nur_phone`, `entry_date`, `room_id`) VALUES ('3', '崔护士', '2', '女', '13048822494', '1007049600', '2');
INSERT INTO `hospital`.`nurse` (`nur_id`, `nur_name`, `nur_level`, `nur_sex`, `nur_phone`, `entry_date`, `room_id`) VALUES ('4', '谢护士', '1', '女', '13783580341', '943891200', '3');
INSERT INTO `hospital`.`nurse` (`nur_id`, `nur_name`, `nur_level`, `nur_sex`, `nur_phone`, `entry_date`, `room_id`) VALUES ('5', '钟护士', '1', '女', '15566187214', '975513600', '3');
INSERT INTO `hospital`.`nurse` (`nur_id`, `nur_name`, `nur_level`, `nur_sex`, `nur_phone`, `entry_date`, `room_id`) VALUES ('6', '彭护士', '1', '女', '18848852494', '1007049600', '3');
INSERT INTO `hospital`.`nurse` (`nur_id`, `nur_name`, `nur_level`, `nur_sex`, `nur_phone`, `entry_date`, `room_id`) VALUES ('7', '井护士', '1', '女', '13249842447', '912355200', '5');

/*-----费用表-----*/
drop table if exists `fee`;
create table fee(
	fee_id int(11) not null auto_increment comment '费用id',
	figure int(11) not null comment '费用金额',
	fee_desc varchar(255) not null comment '费用说明',
	expend_time int(13) not null comment '支出时间',
	usefor tinyint(3) not null comment '用途（1药品 2手术 3住院 4其他）',/*（1药品 2手术 3住院 4其他）*/
	pat_id int(11) not null comment '患者id',
	primary key (fee_id)
) engine=InnoDB default charset=utf8;


/*-----患者医生表-----*/
drop table if exists `pat_doc`;
create table pat_doc(
	pat_id int(11) not null comment '患者id',
	doc_id int(11) not null comment '医生id',
	primary key (pat_id, doc_id)
) engine=InnoDB default charset=utf8;

/*-----房间表-----*/
drop table if exists `room`;
create table room(
	room_id int(11) not null auto_increment comment '房间id',
	room_name varchar(11) not null comment '房间号',
	headcount tinyint(3) comment '总人数',
	rt_id int(11) not null comment '房间类型id',
	primary key(room_id)
) engine=InnoDB default charset=utf8;
INSERT INTO `hospital`.`room` (`room_id`, `room_name`, `headcount` ,`rt_id`) VALUES ('1', '526', NULL, '1');
INSERT INTO `hospital`.`room` (`room_id`, `room_name`, `headcount` ,`rt_id`) VALUES ('2', '525', NULL, '2');
INSERT INTO `hospital`.`room` (`room_id`, `room_name`, `headcount` ,`rt_id`) VALUES ('3', '524', NULL, '3');
INSERT INTO `hospital`.`room` (`room_id`, `room_name`, `headcount` ,`rt_id`) VALUES ('4', '523', NULL, '4');
INSERT INTO `hospital`.`room` (`room_id`, `room_name`, `headcount` ,`rt_id`) VALUES ('5', '522', NULL, '5');
INSERT INTO `hospital`.`room` (`room_id`, `room_name`, `headcount` ,`rt_id`) VALUES ('6', '521', NULL, '6');
INSERT INTO `hospital`.`room` (`room_id`, `room_name`, `headcount` ,`rt_id`) VALUES ('7', '520', NULL, '7');
INSERT INTO `hospital`.`room` (`room_id`, `room_name`, `headcount` ,`rt_id`) VALUES ('8', '519', NULL, '8');
INSERT INTO `hospital`.`room` (`room_id`, `room_name`, `headcount` ,`rt_id`) VALUES ('9', '518', NULL, '8');
INSERT INTO `hospital`.`room` (`room_id`, `room_name`, `headcount` ,`rt_id`) VALUES ('10', '517', NULL, '8');
INSERT INTO `hospital`.`room` (`room_id`, `room_name`, `headcount` ,`rt_id`) VALUES ('11', '516', NULL, '8');
INSERT INTO `hospital`.`room` (`room_id`, `room_name`, `headcount` ,`rt_id`) VALUES ('12', '515', NULL, '8');
INSERT INTO `hospital`.`room` (`room_id`, `room_name`, `headcount` ,`rt_id`) VALUES ('13', '514', NULL, '8');
INSERT INTO `hospital`.`room` (`room_id`, `room_name`, `headcount` ,`rt_id`) VALUES ('14', '513', NULL, '8');
INSERT INTO `hospital`.`room` (`room_id`, `room_name`, `headcount` ,`rt_id`) VALUES ('15', '512', NULL, '8');
INSERT INTO `hospital`.`room` (`room_id`, `room_name`, `headcount` ,`rt_id`) VALUES ('16', '511', NULL, '8');
INSERT INTO `hospital`.`room` (`room_id`, `room_name`, `headcount` ,`rt_id`) VALUES ('17', '510', NULL, '8');
INSERT INTO `hospital`.`room` (`room_id`, `room_name`, `headcount` ,`rt_id`) VALUES ('18', '509', NULL, '8');
INSERT INTO `hospital`.`room` (`room_id`, `room_name`, `headcount` ,`rt_id`) VALUES ('19', '508', NULL, '8');
INSERT INTO `hospital`.`room` (`room_id`, `room_name`, `headcount` ,`rt_id`) VALUES ('20', '507', NULL, '8');
INSERT INTO `hospital`.`room` (`room_id`, `room_name`, `headcount` ,`rt_id`) VALUES ('21', '506', NULL, '8');
INSERT INTO `hospital`.`room` (`room_id`, `room_name`, `headcount` ,`rt_id`) VALUES ('22', '505', NULL, '8');
INSERT INTO `hospital`.`room` (`room_id`, `room_name`, `headcount` ,`rt_id`) VALUES ('23', '504', NULL, '8');
INSERT INTO `hospital`.`room` (`room_id`, `room_name`, `headcount` ,`rt_id`) VALUES ('24', '503', NULL, '8');
INSERT INTO `hospital`.`room` (`room_id`, `room_name`, `headcount` ,`rt_id`) VALUES ('25', '502', NULL, '8');
INSERT INTO `hospital`.`room` (`room_id`, `room_name`, `headcount` ,`rt_id`) VALUES ('26', '501', NULL, '8');


/*-----房间类型表-----*/
drop table if exists `room_type`;
create table room_type(
	rt_id int(11) not null auto_increment comment '房间类型id',
	rt_name varchar(11) not null comment '房间类型名称',
	primary key(rt_id)
) engine=InnoDB default charset=utf8;
INSERT INTO `hospital`.`room_type` (`rt_id`, `rt_name`) VALUES ('1', '主任室');
INSERT INTO `hospital`.`room_type` (`rt_id`, `rt_name`) VALUES ('2', '护士长值班室');
INSERT INTO `hospital`.`room_type` (`rt_id`, `rt_name`) VALUES ('3', '护士值班室');
INSERT INTO `hospital`.`room_type` (`rt_id`, `rt_name`) VALUES ('4', '医生值班室');
INSERT INTO `hospital`.`room_type` (`rt_id`, `rt_name`) VALUES ('5', '护士站');
INSERT INTO `hospital`.`room_type` (`rt_id`, `rt_name`) VALUES ('6', '配药');
INSERT INTO `hospital`.`room_type` (`rt_id`, `rt_name`) VALUES ('7', 'ccu');
INSERT INTO `hospital`.`room_type` (`rt_id`, `rt_name`) VALUES ('8', '病房');

/*-----设施表-----*/
drop table if exists `facility`;
create table facility(
	fac_id int(11) not null auto_increment comment '设施id',
	fac_name varchar(20) not null comment '设施名称',
	fac_state varchar(20) not null comment '设施状态',
	primary key(fac_id)
) engine=InnoDB default charset=utf8;
INSERT INTO `hospital`.`facility` (`fac_id`, `fac_name`, `fac_state`) VALUES ('1', '楼梯', '正常');
INSERT INTO `hospital`.`facility` (`fac_id`, `fac_name`, `fac_state`) VALUES ('2', '洗手间', '正常');
INSERT INTO `hospital`.`facility` (`fac_id`, `fac_name`, `fac_state`) VALUES ('3', '开水间', '正常');
INSERT INTO `hospital`.`facility` (`fac_id`, `fac_name`, `fac_state`) VALUES ('4', '电梯', '正常');
INSERT INTO `hospital`.`facility` (`fac_id`, `fac_name`, `fac_state`) VALUES ('5', '电梯', '故障');
INSERT INTO `hospital`.`facility` (`fac_id`, `fac_name`, `fac_state`) VALUES ('6', '电梯', '正常');
INSERT INTO `hospital`.`facility` (`fac_id`, `fac_name`, `fac_state`) VALUES ('7', '楼梯', '正常');
INSERT INTO `hospital`.`facility` (`fac_id`, `fac_name`, `fac_state`) VALUES ('8', '洗漱间', '正常');
INSERT INTO `hospital`.`facility` (`fac_id`, `fac_name`, `fac_state`) VALUES ('9', '楼梯', '正常');
INSERT INTO `hospital`.`facility` (`fac_id`, `fac_name`, `fac_state`) VALUES ('10', '休息区', '正常');


/*-----临时医嘱表-----*/
drop table if exists `temporary_orders`;
create table temporary_orders(
	to_id int(11) not null auto_increment comment '临时医嘱id',
	to_content varchar(255) not null comment '临时医嘱内容',
	create_time int(13) not null comment '创建时间',
	execute_time int(13) default '0' comment  '执行时间',
	doctor_name varchar(20) not null comment '医生姓名',
	doctor_sign varchar(255) not null default '' comment '医生签字图片路径',
	nurse_name varchar(20) default '' comment '护士姓名',
	nurse_sign varchar(255) default '' comment '护士签字图片路径',
	pat_id int(11) not null comment '所属患者id',
	primary key(to_id)
) engine=InnoDB default charset=utf8;
INSERT INTO `temporary_orders` (`to_id`, `to_content`, `create_time`, `execute_time`, `doctor_name`, `nurse_name`, `pat_id`) VALUES ('1', '[急]血常规 1', '1478656980', '0', '董医生', '', '070001');
INSERT INTO `temporary_orders` (`to_id`, `to_content`, `create_time`, `execute_time`, `doctor_name`, `nurse_name`, `pat_id`) VALUES ('2', '[急]血凝五项 1', '1478656980', '0', '董医生', '', '070001');
INSERT INTO `temporary_orders` (`to_id`, `to_content`, `create_time`, `execute_time`, `doctor_name`, `nurse_name`, `pat_id`) VALUES ('3', '[急]急KNaCl 1', '1478656980', '0', '董医生', '', '070001');
INSERT INTO `temporary_orders` (`to_id`, `to_content`, `create_time`, `execute_time`, `doctor_name`, `nurse_name`, `pat_id`) VALUES ('4', '[急]急葡萄糖 1', '1478656980', '0', '董医生', '', '070001');
INSERT INTO `temporary_orders` (`to_id`, `to_content`, `create_time`, `execute_time`, `doctor_name`, `nurse_name`, `pat_id`) VALUES ('5', '[急]急肾功 1', '1478656980', '0', '董医生', '', '070001');
INSERT INTO `temporary_orders` (`to_id`, `to_content`, `create_time`, `execute_time`, `doctor_name`, `nurse_name`, `pat_id`) VALUES ('6', '尿常规 1', '1478657040', '0', '董医生', '', '070001');
INSERT INTO `temporary_orders` (`to_id`, `to_content`, `create_time`, `execute_time`, `doctor_name`, `nurse_name`, `pat_id`) VALUES ('7', '便常规+潜血 1', '1478657040', '0', '董医生', '', '070001');
INSERT INTO `temporary_orders` (`to_id`, `to_content`, `create_time`, `execute_time`, `doctor_name`, `nurse_name`, `pat_id`) VALUES ('8', '甲肝乙肝2 1', '1478657040', '0', '董医生', '', '070001');
INSERT INTO `temporary_orders` (`to_id`, `to_content`, `create_time`, `execute_time`, `doctor_name`, `nurse_name`, `pat_id`) VALUES ('9', '甲功3项 1', '1478657040', '0', '董医生', '', '070001');
INSERT INTO `temporary_orders` (`to_id`, `to_content`, `create_time`, `execute_time`, `doctor_name`, `nurse_name`, `pat_id`) VALUES ('10', '血脂六项 1', '1478657040', '0', '董医生', '', '070001');
INSERT INTO `temporary_orders` (`to_id`, `to_content`, `create_time`, `execute_time`, `doctor_name`, `nurse_name`, `pat_id`) VALUES ('11', '甲功+心肌酶谱 1', '1478657040', '0', '董医生', '', '070001');
INSERT INTO `temporary_orders` (`to_id`, `to_content`, `create_time`, `execute_time`, `doctor_name`, `nurse_name`, `pat_id`) VALUES ('12', '葡萄糖（血清） 1', '1478657040', '0', '董医生', '', '070001');
INSERT INTO `temporary_orders` (`to_id`, `to_content`, `create_time`, `execute_time`, `doctor_name`, `nurse_name`, `pat_id`) VALUES ('13', 'KNaCl 1', '1478657040', '0', '董医生', '', '070001');
INSERT INTO `temporary_orders` (`to_id`, `to_content`, `create_time`, `execute_time`, `doctor_name`, `nurse_name`, `pat_id`) VALUES ('14', '常规心电图 1', '1478657100', '0', '董医生', '', '070001');
INSERT INTO `temporary_orders` (`to_id`, `to_content`, `create_time`, `execute_time`, `doctor_name`, `nurse_name`, `pat_id`) VALUES ('15', '彩色多普勒超声+左心功能测定 1', '1478742600', '0', '于医生', '', '070001');
INSERT INTO `temporary_orders` (`to_id`, `to_content`, `create_time`, `execute_time`, `doctor_name`, `nurse_name`, `pat_id`) VALUES ('16', '螺旋CT平扫 1', '1478742660', '0', '于医生', '', '070001');
INSERT INTO `temporary_orders` (`to_id`, `to_content`, `create_time`, `execute_time`, `doctor_name`, `nurse_name`, `pat_id`) VALUES ('17', '常规心电图 1', '1478742780', '0', '于医生', '', '070001');
INSERT INTO `temporary_orders` (`to_id`, `to_content`, `create_time`, `execute_time`, `doctor_name`, `nurse_name`, `pat_id`) VALUES ('18', '[急]肌钙蛋白 1', '1478754420', '0', '于医生', '', '070001');

INSERT INTO `temporary_orders` (`to_id`, `to_content`, `create_time`, `execute_time`, `doctor_name`, `nurse_name`, `pat_id`) VALUES ('19', '[急]血常规 1', '1478656980', '0', '董医生', '', '080001');
INSERT INTO `temporary_orders` (`to_id`, `to_content`, `create_time`, `execute_time`, `doctor_name`, `nurse_name`, `pat_id`) VALUES ('20', '[急]血凝五项 1', '1478656980', '0', '董医生', '', '080001');
INSERT INTO `temporary_orders` (`to_id`, `to_content`, `create_time`, `execute_time`, `doctor_name`, `nurse_name`, `pat_id`) VALUES ('21', '[急]急KNaCl 1', '1478656980', '0', '董医生', '', '080001');
INSERT INTO `temporary_orders` (`to_id`, `to_content`, `create_time`, `execute_time`, `doctor_name`, `nurse_name`, `pat_id`) VALUES ('22', '[急]急葡萄糖 1', '1478656980', '0', '董医生', '', '080001');
INSERT INTO `temporary_orders` (`to_id`, `to_content`, `create_time`, `execute_time`, `doctor_name`, `nurse_name`, `pat_id`) VALUES ('23', '[急]急肾功 1', '1478656980', '0', '董医生', '', '080001');
INSERT INTO `temporary_orders` (`to_id`, `to_content`, `create_time`, `execute_time`, `doctor_name`, `nurse_name`, `pat_id`) VALUES ('24', '尿常规 1', '1478657040', '0', '董医生', '', '080001');
INSERT INTO `temporary_orders` (`to_id`, `to_content`, `create_time`, `execute_time`, `doctor_name`, `nurse_name`, `pat_id`) VALUES ('25', '便常规+潜血 1', '1478657040', '0', '董医生', '', '080001');
INSERT INTO `temporary_orders` (`to_id`, `to_content`, `create_time`, `execute_time`, `doctor_name`, `nurse_name`, `pat_id`) VALUES ('26', '甲肝乙肝2 1', '1478657040', '0', '董医生', '', '080001');
INSERT INTO `temporary_orders` (`to_id`, `to_content`, `create_time`, `execute_time`, `doctor_name`, `nurse_name`, `pat_id`) VALUES ('27', '甲功3项 1', '1478657040', '0', '董医生', '', '080001');
INSERT INTO `temporary_orders` (`to_id`, `to_content`, `create_time`, `execute_time`, `doctor_name`, `nurse_name`, `pat_id`) VALUES ('28', '血脂六项 1', '1478657040', '0', '董医生', '', '080001');
INSERT INTO `temporary_orders` (`to_id`, `to_content`, `create_time`, `execute_time`, `doctor_name`, `nurse_name`, `pat_id`) VALUES ('29', '甲功+心肌酶谱 1', '1478657040', '0', '董医生', '', '080001');
INSERT INTO `temporary_orders` (`to_id`, `to_content`, `create_time`, `execute_time`, `doctor_name`, `nurse_name`, `pat_id`) VALUES ('30', '葡萄糖（血清） 1', '1478657040', '0', '董医生', '', '080001');
INSERT INTO `temporary_orders` (`to_id`, `to_content`, `create_time`, `execute_time`, `doctor_name`, `nurse_name`, `pat_id`) VALUES ('31', 'KNaCl 1', '1478657040', '0', '董医生', '', '080001');
INSERT INTO `temporary_orders` (`to_id`, `to_content`, `create_time`, `execute_time`, `doctor_name`, `nurse_name`, `pat_id`) VALUES ('32', '常规心电图 1', '1478657100', '0', '董医生', '', '080001');
INSERT INTO `temporary_orders` (`to_id`, `to_content`, `create_time`, `execute_time`, `doctor_name`, `nurse_name`, `pat_id`) VALUES ('33', '彩色多普勒超声+左心功能测定 1', '1478742600', '0', '于医生', '', '080001');
INSERT INTO `temporary_orders` (`to_id`, `to_content`, `create_time`, `execute_time`, `doctor_name`, `nurse_name`, `pat_id`) VALUES ('34', '螺旋CT平扫 1', '1478742660', '0', '于医生', '', '080001');
INSERT INTO `temporary_orders` (`to_id`, `to_content`, `create_time`, `execute_time`, `doctor_name`, `nurse_name`, `pat_id`) VALUES ('35', '常规心电图 1', '1478742780', '0', '于医生', '', '080001');
INSERT INTO `temporary_orders` (`to_id`, `to_content`, `create_time`, `execute_time`, `doctor_name`, `nurse_name`, `pat_id`) VALUES ('36', '[急]肌钙蛋白 1', '1478754420', '0', '于医生', '', '080001');

INSERT INTO `temporary_orders` (`to_id`, `to_content`, `create_time`, `execute_time`, `doctor_name`, `nurse_name`, `pat_id`) VALUES ('37', '[急]血常规 1', '1478656980', '0', '董医生', '', '100001');
INSERT INTO `temporary_orders` (`to_id`, `to_content`, `create_time`, `execute_time`, `doctor_name`, `nurse_name`, `pat_id`) VALUES ('38', '[急]血凝五项 1', '1478656980', '0', '董医生', '', '100001');
INSERT INTO `temporary_orders` (`to_id`, `to_content`, `create_time`, `execute_time`, `doctor_name`, `nurse_name`, `pat_id`) VALUES ('39', '[急]急KNaCl 1', '1478656980', '0', '董医生', '', '100001');
INSERT INTO `temporary_orders` (`to_id`, `to_content`, `create_time`, `execute_time`, `doctor_name`, `nurse_name`, `pat_id`) VALUES ('40', '[急]急葡萄糖 1', '1478656980', '0', '董医生', '', '100001');
INSERT INTO `temporary_orders` (`to_id`, `to_content`, `create_time`, `execute_time`, `doctor_name`, `nurse_name`, `pat_id`) VALUES ('41', '[急]急肾功 1', '1478656980', '0', '董医生', '', '100001');
INSERT INTO `temporary_orders` (`to_id`, `to_content`, `create_time`, `execute_time`, `doctor_name`, `nurse_name`, `pat_id`) VALUES ('42', '尿常规 1', '1478657040', '0', '董医生', '', '100001');
INSERT INTO `temporary_orders` (`to_id`, `to_content`, `create_time`, `execute_time`, `doctor_name`, `nurse_name`, `pat_id`) VALUES ('43', '便常规+潜血 1', '1478657040', '0', '董医生', '', '100001');
INSERT INTO `temporary_orders` (`to_id`, `to_content`, `create_time`, `execute_time`, `doctor_name`, `nurse_name`, `pat_id`) VALUES ('44', '甲肝乙肝2 1', '1478657040', '0', '董医生', '', '100001');
INSERT INTO `temporary_orders` (`to_id`, `to_content`, `create_time`, `execute_time`, `doctor_name`, `nurse_name`, `pat_id`) VALUES ('45', '甲功3项 1', '1478657040', '0', '董医生', '', '100001');
INSERT INTO `temporary_orders` (`to_id`, `to_content`, `create_time`, `execute_time`, `doctor_name`, `nurse_name`, `pat_id`) VALUES ('46', '血脂六项 1', '1478657040', '0', '董医生', '', '100001');
INSERT INTO `temporary_orders` (`to_id`, `to_content`, `create_time`, `execute_time`, `doctor_name`, `nurse_name`, `pat_id`) VALUES ('47', '甲功+心肌酶谱 1', '1478657040', '0', '董医生', '', '100001');
INSERT INTO `temporary_orders` (`to_id`, `to_content`, `create_time`, `execute_time`, `doctor_name`, `nurse_name`, `pat_id`) VALUES ('48', '葡萄糖（血清） 1', '1478657040', '0', '董医生', '', '100001');
INSERT INTO `temporary_orders` (`to_id`, `to_content`, `create_time`, `execute_time`, `doctor_name`, `nurse_name`, `pat_id`) VALUES ('49', 'KNaCl 1', '1478657040', '0', '董医生', '', '100001');
INSERT INTO `temporary_orders` (`to_id`, `to_content`, `create_time`, `execute_time`, `doctor_name`, `nurse_name`, `pat_id`) VALUES ('50', '常规心电图 1', '1478657100', '0', '董医生', '', '100001');
INSERT INTO `temporary_orders` (`to_id`, `to_content`, `create_time`, `execute_time`, `doctor_name`, `nurse_name`, `pat_id`) VALUES ('51', '彩色多普勒超声+左心功能测定 1', '1478742600', '0', '于医生', '', '100001');
INSERT INTO `temporary_orders` (`to_id`, `to_content`, `create_time`, `execute_time`, `doctor_name`, `nurse_name`, `pat_id`) VALUES ('52', '螺旋CT平扫 1', '1478742660', '0', '于医生', '', '100001');
INSERT INTO `temporary_orders` (`to_id`, `to_content`, `create_time`, `execute_time`, `doctor_name`, `nurse_name`, `pat_id`) VALUES ('53', '常规心电图 1', '1478742780', '0', '于医生', '', '100001');
INSERT INTO `temporary_orders` (`to_id`, `to_content`, `create_time`, `execute_time`, `doctor_name`, `nurse_name`, `pat_id`) VALUES ('54', '[急]肌钙蛋白 1', '1478754420', '0', '于医生', '', '100001');

INSERT INTO `temporary_orders` (`to_id`, `to_content`, `create_time`, `execute_time`, `doctor_name`, `nurse_name`, `pat_id`) VALUES ('55', '[急]血常规 1', '1478656980', '0', '董医生', '', '150001');
INSERT INTO `temporary_orders` (`to_id`, `to_content`, `create_time`, `execute_time`, `doctor_name`, `nurse_name`, `pat_id`) VALUES ('56', '[急]血凝五项 1', '1478656980', '0', '董医生', '', '150001');
INSERT INTO `temporary_orders` (`to_id`, `to_content`, `create_time`, `execute_time`, `doctor_name`, `nurse_name`, `pat_id`) VALUES ('57', '[急]急KNaCl 1', '1478656980', '0', '董医生', '', '150001');
INSERT INTO `temporary_orders` (`to_id`, `to_content`, `create_time`, `execute_time`, `doctor_name`, `nurse_name`, `pat_id`) VALUES ('58', '[急]急葡萄糖 1', '1478656980', '0', '董医生', '', '150001');
INSERT INTO `temporary_orders` (`to_id`, `to_content`, `create_time`, `execute_time`, `doctor_name`, `nurse_name`, `pat_id`) VALUES ('59', '[急]急肾功 1', '1478656980', '0', '董医生', '', '150001');
INSERT INTO `temporary_orders` (`to_id`, `to_content`, `create_time`, `execute_time`, `doctor_name`, `nurse_name`, `pat_id`) VALUES ('60', '尿常规 1', '1478657040', '0', '董医生', '', '150001');
INSERT INTO `temporary_orders` (`to_id`, `to_content`, `create_time`, `execute_time`, `doctor_name`, `nurse_name`, `pat_id`) VALUES ('61', '便常规+潜血 1', '1478657040', '0', '董医生', '', '150001');
INSERT INTO `temporary_orders` (`to_id`, `to_content`, `create_time`, `execute_time`, `doctor_name`, `nurse_name`, `pat_id`) VALUES ('62', '甲肝乙肝2 1', '1478657040', '0', '董医生', '', '150001');
INSERT INTO `temporary_orders` (`to_id`, `to_content`, `create_time`, `execute_time`, `doctor_name`, `nurse_name`, `pat_id`) VALUES ('63', '甲功3项 1', '1478657040', '0', '董医生', '', '150001');
INSERT INTO `temporary_orders` (`to_id`, `to_content`, `create_time`, `execute_time`, `doctor_name`, `nurse_name`, `pat_id`) VALUES ('64', '血脂六项 1', '1478657040', '0', '董医生', '', '150001');
INSERT INTO `temporary_orders` (`to_id`, `to_content`, `create_time`, `execute_time`, `doctor_name`, `nurse_name`, `pat_id`) VALUES ('65', '甲功+心肌酶谱 1', '1478657040', '0', '董医生', '', '150001');
INSERT INTO `temporary_orders` (`to_id`, `to_content`, `create_time`, `execute_time`, `doctor_name`, `nurse_name`, `pat_id`) VALUES ('66', '葡萄糖（血清） 1', '1478657040', '0', '董医生', '', '150001');
INSERT INTO `temporary_orders` (`to_id`, `to_content`, `create_time`, `execute_time`, `doctor_name`, `nurse_name`, `pat_id`) VALUES ('67', 'KNaCl 1', '1478657040', '0', '董医生', '', '150001');
INSERT INTO `temporary_orders` (`to_id`, `to_content`, `create_time`, `execute_time`, `doctor_name`, `nurse_name`, `pat_id`) VALUES ('68', '常规心电图 1', '1478657100', '0', '董医生', '', '150001');
INSERT INTO `temporary_orders` (`to_id`, `to_content`, `create_time`, `execute_time`, `doctor_name`, `nurse_name`, `pat_id`) VALUES ('69', '彩色多普勒超声+左心功能测定 1', '1478742600', '0', '于医生', '', '150001');
INSERT INTO `temporary_orders` (`to_id`, `to_content`, `create_time`, `execute_time`, `doctor_name`, `nurse_name`, `pat_id`) VALUES ('70', '螺旋CT平扫 1', '1478742660', '0', '于医生', '', '150001');
INSERT INTO `temporary_orders` (`to_id`, `to_content`, `create_time`, `execute_time`, `doctor_name`, `nurse_name`, `pat_id`) VALUES ('71', '常规心电图 1', '1478742780', '0', '于医生', '', '150001');
INSERT INTO `temporary_orders` (`to_id`, `to_content`, `create_time`, `execute_time`, `doctor_name`, `nurse_name`, `pat_id`) VALUES ('72', '[急]肌钙蛋白 1', '1478754420', '0', '于医生', '', '150001');

INSERT INTO `temporary_orders` (`to_id`, `to_content`, `create_time`, `execute_time`, `doctor_name`, `nurse_name`, `pat_id`) VALUES ('73', '[急]血常规 1', '1478656980', '0', '董医生', '', '200001');
INSERT INTO `temporary_orders` (`to_id`, `to_content`, `create_time`, `execute_time`, `doctor_name`, `nurse_name`, `pat_id`) VALUES ('74', '[急]血凝五项 1', '1478656980', '0', '董医生', '', '200001');
INSERT INTO `temporary_orders` (`to_id`, `to_content`, `create_time`, `execute_time`, `doctor_name`, `nurse_name`, `pat_id`) VALUES ('75', '[急]急KNaCl 1', '1478656980', '0', '董医生', '', '200001');
INSERT INTO `temporary_orders` (`to_id`, `to_content`, `create_time`, `execute_time`, `doctor_name`, `nurse_name`, `pat_id`) VALUES ('76', '[急]急葡萄糖 1', '1478656980', '0', '董医生', '', '200001');
INSERT INTO `temporary_orders` (`to_id`, `to_content`, `create_time`, `execute_time`, `doctor_name`, `nurse_name`, `pat_id`) VALUES ('77', '[急]急肾功 1', '1478656980', '0', '董医生', '', '200001');
INSERT INTO `temporary_orders` (`to_id`, `to_content`, `create_time`, `execute_time`, `doctor_name`, `nurse_name`, `pat_id`) VALUES ('78', '尿常规 1', '1478657040', '0', '董医生', '', '200001');
INSERT INTO `temporary_orders` (`to_id`, `to_content`, `create_time`, `execute_time`, `doctor_name`, `nurse_name`, `pat_id`) VALUES ('79', '便常规+潜血 1', '1478657040', '0', '董医生', '', '200001');
INSERT INTO `temporary_orders` (`to_id`, `to_content`, `create_time`, `execute_time`, `doctor_name`, `nurse_name`, `pat_id`) VALUES ('80', '甲肝乙肝2 1', '1478657040', '0', '董医生', '', '200001');
INSERT INTO `temporary_orders` (`to_id`, `to_content`, `create_time`, `execute_time`, `doctor_name`, `nurse_name`, `pat_id`) VALUES ('81', '甲功3项 1', '1478657040', '0', '董医生', '', '200001');
INSERT INTO `temporary_orders` (`to_id`, `to_content`, `create_time`, `execute_time`, `doctor_name`, `nurse_name`, `pat_id`) VALUES ('82', '血脂六项 1', '1478657040', '0', '董医生', '', '200001');
INSERT INTO `temporary_orders` (`to_id`, `to_content`, `create_time`, `execute_time`, `doctor_name`, `nurse_name`, `pat_id`) VALUES ('83', '甲功+心肌酶谱 1', '1478657040', '0', '董医生', '', '200001');
INSERT INTO `temporary_orders` (`to_id`, `to_content`, `create_time`, `execute_time`, `doctor_name`, `nurse_name`, `pat_id`) VALUES ('84', '葡萄糖（血清） 1', '1478657040', '0', '董医生', '', '200001');
INSERT INTO `temporary_orders` (`to_id`, `to_content`, `create_time`, `execute_time`, `doctor_name`, `nurse_name`, `pat_id`) VALUES ('85', 'KNaCl 1', '1478657040', '0', '董医生', '', '200001');
INSERT INTO `temporary_orders` (`to_id`, `to_content`, `create_time`, `execute_time`, `doctor_name`, `nurse_name`, `pat_id`) VALUES ('86', '常规心电图 1', '1478657100', '0', '董医生', '', '200001');
INSERT INTO `temporary_orders` (`to_id`, `to_content`, `create_time`, `execute_time`, `doctor_name`, `nurse_name`, `pat_id`) VALUES ('87', '彩色多普勒超声+左心功能测定 1', '1478742600', '0', '于医生', '', '200001');
INSERT INTO `temporary_orders` (`to_id`, `to_content`, `create_time`, `execute_time`, `doctor_name`, `nurse_name`, `pat_id`) VALUES ('88', '螺旋CT平扫 1', '1478742660', '0', '于医生', '', '200001');
INSERT INTO `temporary_orders` (`to_id`, `to_content`, `create_time`, `execute_time`, `doctor_name`, `nurse_name`, `pat_id`) VALUES ('89', '常规心电图 1', '1478742780', '0', '于医生', '', '200001');
INSERT INTO `temporary_orders` (`to_id`, `to_content`, `create_time`, `execute_time`, `doctor_name`, `nurse_name`, `pat_id`) VALUES ('90', '[急]肌钙蛋白 1', '1478754420', '0', '于医生', '', '200001');

INSERT INTO `temporary_orders` (`to_id`, `to_content`, `create_time`, `execute_time`, `doctor_name`, `nurse_name`, `pat_id`) VALUES ('91', '[急]血常规 1', '1478656980', '0', '董医生', '', '300001');
INSERT INTO `temporary_orders` (`to_id`, `to_content`, `create_time`, `execute_time`, `doctor_name`, `nurse_name`, `pat_id`) VALUES ('92', '[急]血凝五项 1', '1478656980', '0', '董医生', '', '300001');
INSERT INTO `temporary_orders` (`to_id`, `to_content`, `create_time`, `execute_time`, `doctor_name`, `nurse_name`, `pat_id`) VALUES ('93', '[急]急KNaCl 1', '1478656980', '0', '董医生', '', '300001');
INSERT INTO `temporary_orders` (`to_id`, `to_content`, `create_time`, `execute_time`, `doctor_name`, `nurse_name`, `pat_id`) VALUES ('94', '[急]急葡萄糖 1', '1478656980', '0', '董医生', '', '300001');
INSERT INTO `temporary_orders` (`to_id`, `to_content`, `create_time`, `execute_time`, `doctor_name`, `nurse_name`, `pat_id`) VALUES ('95', '[急]急肾功 1', '1478656980', '0', '董医生', '', '300001');
INSERT INTO `temporary_orders` (`to_id`, `to_content`, `create_time`, `execute_time`, `doctor_name`, `nurse_name`, `pat_id`) VALUES ('96', '尿常规 1', '1478657040', '0', '董医生', '', '300001');
INSERT INTO `temporary_orders` (`to_id`, `to_content`, `create_time`, `execute_time`, `doctor_name`, `nurse_name`, `pat_id`) VALUES ('97', '便常规+潜血 1', '1478657040', '0', '董医生', '', '300001');
INSERT INTO `temporary_orders` (`to_id`, `to_content`, `create_time`, `execute_time`, `doctor_name`, `nurse_name`, `pat_id`) VALUES ('98', '甲肝乙肝2 1', '1478657040', '0', '董医生', '', '300001');
INSERT INTO `temporary_orders` (`to_id`, `to_content`, `create_time`, `execute_time`, `doctor_name`, `nurse_name`, `pat_id`) VALUES ('99', '甲功3项 1', '1478657040', '0', '董医生', '', '300001');
INSERT INTO `temporary_orders` (`to_id`, `to_content`, `create_time`, `execute_time`, `doctor_name`, `nurse_name`, `pat_id`) VALUES ('100', '血脂六项 1', '1478657040', '0', '董医生', '', '300001');
INSERT INTO `temporary_orders` (`to_id`, `to_content`, `create_time`, `execute_time`, `doctor_name`, `nurse_name`, `pat_id`) VALUES ('101', '甲功+心肌酶谱 1', '1478657040', '0', '董医生', '', '300001');
INSERT INTO `temporary_orders` (`to_id`, `to_content`, `create_time`, `execute_time`, `doctor_name`, `nurse_name`, `pat_id`) VALUES ('102', '葡萄糖（血清） 1', '1478657040', '0', '董医生', '', '300001');
INSERT INTO `temporary_orders` (`to_id`, `to_content`, `create_time`, `execute_time`, `doctor_name`, `nurse_name`, `pat_id`) VALUES ('103', 'KNaCl 1', '1478657040', '0', '董医生', '', '300001');
INSERT INTO `temporary_orders` (`to_id`, `to_content`, `create_time`, `execute_time`, `doctor_name`, `nurse_name`, `pat_id`) VALUES ('104', '常规心电图 1', '1478657100', '0', '董医生', '', '300001');
INSERT INTO `temporary_orders` (`to_id`, `to_content`, `create_time`, `execute_time`, `doctor_name`, `nurse_name`, `pat_id`) VALUES ('105', '彩色多普勒超声+左心功能测定 1', '1478742600', '0', '于医生', '', '300001');
INSERT INTO `temporary_orders` (`to_id`, `to_content`, `create_time`, `execute_time`, `doctor_name`, `nurse_name`, `pat_id`) VALUES ('106', '螺旋CT平扫 1', '1478742660', '0', '于医生', '', '300001');
INSERT INTO `temporary_orders` (`to_id`, `to_content`, `create_time`, `execute_time`, `doctor_name`, `nurse_name`, `pat_id`) VALUES ('107', '常规心电图 1', '1478742780', '0', '于医生', '', '300001');
INSERT INTO `temporary_orders` (`to_id`, `to_content`, `create_time`, `execute_time`, `doctor_name`, `nurse_name`, `pat_id`) VALUES ('108', '[急]肌钙蛋白 1', '1478754420', '0', '于医生', '', '300001');


/*-----长期医嘱表-----*/
drop table if exists `standing_orders`;
create table standing_orders(
	so_id int(11) not null auto_increment comment '长期医嘱id',
	so_content varchar(255) not null comment '长期医嘱内容',
	start_create_time int(13) not null comment '开始创建时间',
	start_time int(13) default 0 comment '开始执行时间',
	stop_create_time int(13) default 0 comment '停止创建时间',
	stop_time int(13) default 0 comment '停止执行时间',
	start_doctor_name varchar(20) default '' comment '开始医生',
	start_doctor_sign varchar(255) default '' comment '医生签字图片路径',
	start_nurse_name varchar(20) default '' comment '开始护士',
	start_nurse_sign varchar(255) default '' comment '医生签字图片路径',
	stop_doctor_name varchar(20) default '' comment '停止医生',
	stop_doctor_sign varchar(255) default '' comment '医生签字图片路径',
	stop_nurse_name varchar(20) default '' comment '停止护士',
	stop_nurse_sign varchar(255) default '' comment '医生签字图片路径',
	pat_id int(11) not null comment '所属患者id',
	primary key(so_id)
) engine=InnoDB default charset=utf8;

INSERT INTO `hospital`.`standing_orders` (`so_id`, `so_content`, `start_create_time`, `start_time`, `stop_create_time`, `stop_time`, `start_doctor_name`, `start_nurse_name`, `stop_doctor_name`, `stop_nurse_name`, `pat_id`) VALUES ('1', '心电检测 QH', '1478657100', '0', '1478934000', '0', '董医生', '', '于医生', '', '070001');
INSERT INTO `hospital`.`standing_orders` (`so_id`, `so_content`, `start_create_time`, `start_time`, `stop_create_time`, `stop_time`, `start_doctor_name`, `start_nurse_name`, `stop_doctor_name`, `stop_nurse_name`, `pat_id`) VALUES ('2', '血氧饱和度监测 QH', '1478657100', '0', '1478934000', '0', '董医生', '', '于医生', '', '070001');
INSERT INTO `hospital`.`standing_orders` (`so_id`, `so_content`, `start_create_time`, `start_time`, `stop_create_time`, `stop_time`, `start_doctor_name`, `start_nurse_name`, `stop_doctor_name`, `stop_nurse_name`, `pat_id`) VALUES ('3', '低盐低脂饮食', '1478657100', '0', '0', '0', '董医生', '', '', '', '070001');
INSERT INTO `hospital`.`standing_orders` (`so_id`, `so_content`, `start_create_time`, `start_time`, `stop_create_time`, `stop_time`, `start_doctor_name`, `start_nurse_name`, `stop_doctor_name`, `stop_nurse_name`, `pat_id`) VALUES ('4', '一级护理 QH', '1478657100', '0', '1479084960', '0', '董医生', '', '', '', '070001');
INSERT INTO `hospital`.`standing_orders` (`so_id`, `so_content`, `start_create_time`, `start_time`, `stop_create_time`, `stop_time`, `start_doctor_name`, `start_nurse_name`, `stop_doctor_name`, `stop_nurse_name`, `pat_id`) VALUES ('5', '氧气吸入 QH', '1478657100', '0', '1479005400', '0', '董医生', '', '', '', '070001');
INSERT INTO `hospital`.`standing_orders` (`so_id`, `so_content`, `start_create_time`, `start_time`, `stop_create_time`, `stop_time`, `start_doctor_name`, `start_nurse_name`, `stop_doctor_name`, `stop_nurse_name`, `pat_id`) VALUES ('6', '0.9%氯化钠（塑料瓶）250ml 左卡尼汀 4g QD静滴', '1478657100', '0', '0', '0', '董医生', '', '', '', '070001');
INSERT INTO `hospital`.`standing_orders` (`so_id`, `so_content`, `start_create_time`, `start_time`, `stop_create_time`, `stop_time`, `start_doctor_name`, `start_nurse_name`, `stop_doctor_name`, `stop_nurse_name`, `pat_id`) VALUES ('7', '0.9%氯化钠（塑料瓶）250ml 红花黄色素 100mg QD静滴', '1478657100', '0', '0', '0', '董医生', '', '', '', '070001');
INSERT INTO `hospital`.`standing_orders` (`so_id`, `so_content`, `start_create_time`, `start_time`, `stop_create_time`, `stop_time`, `start_doctor_name`, `start_nurse_name`, `stop_doctor_name`, `stop_nurse_name`, `pat_id`) VALUES ('8', '阿司匹林肠溶片 100mg QD口服', '1478657160', '0', '0', '0', '董医生', '', '', '', '070001');
INSERT INTO `hospital`.`standing_orders` (`so_id`, `so_content`, `start_create_time`, `start_time`, `stop_create_time`, `stop_time`, `start_doctor_name`, `start_nurse_name`, `stop_doctor_name`, `stop_nurse_name`, `pat_id`) VALUES ('9', '氯吡格雷片 75mg QD口服', '1478657160', '0', '0', '0', '董医生', '', '', '', '070001');
INSERT INTO `hospital`.`standing_orders` (`so_id`, `so_content`, `start_create_time`, `start_time`, `stop_create_time`, `stop_time`, `start_doctor_name`, `start_nurse_name`, `stop_doctor_name`, `stop_nurse_name`, `pat_id`) VALUES ('10', '依那普利片 5mg BID口服', '1478657160', '0', '0', '0', '董医生', '', '', '', '070001');
INSERT INTO `hospital`.`standing_orders` (`so_id`, `so_content`, `start_create_time`, `start_time`, `stop_create_time`, `stop_time`, `start_doctor_name`, `start_nurse_name`, `stop_doctor_name`, `stop_nurse_name`, `pat_id`) VALUES ('11', '辛伐他汀 20mg QD口服', '1478657160', '0', '0', '0', '董医生', '', '', '', '070001');
INSERT INTO `hospital`.`standing_orders` (`so_id`, `so_content`, `start_create_time`, `start_time`, `stop_create_time`, `stop_time`, `start_doctor_name`, `start_nurse_name`, `stop_doctor_name`, `stop_nurse_name`, `pat_id`) VALUES ('12', '低分子量肝素钙 4100UI BID皮下', '1478752260', '0', '0', '1479128160', '于医生', '', '', '', '070001');
INSERT INTO `hospital`.`standing_orders` (`so_id`, `so_content`, `start_create_time`, `start_time`, `stop_create_time`, `stop_time`, `start_doctor_name`, `start_nurse_name`, `stop_doctor_name`, `stop_nurse_name`, `pat_id`) VALUES ('13', '二级护理 QD', '1479084960', '0', '0', '0', '', '', '', '', '070001');
INSERT INTO `hospital`.`standing_orders` (`so_id`, `so_content`, `start_create_time`, `start_time`, `stop_create_time`, `stop_time`, `start_doctor_name`, `start_nurse_name`, `stop_doctor_name`, `stop_nurse_name`, `pat_id`) VALUES ('14', '呋塞米片 20mg QD口服', '1479172440', '0', '0', '0', '', '', '', '', '070001');
INSERT INTO `hospital`.`standing_orders` (`so_id`, `so_content`, `start_create_time`, `start_time`, `stop_create_time`, `stop_time`, `start_doctor_name`, `start_nurse_name`, `stop_doctor_name`, `stop_nurse_name`, `pat_id`) VALUES ('15', '螺内酯 20mg QD口服', '1479172440', '0', '0', '0', '', '', '', '', '070001');

INSERT INTO `hospital`.`standing_orders` (`so_id`, `so_content`, `start_create_time`, `start_time`, `stop_create_time`, `stop_time`, `start_doctor_name`, `start_nurse_name`, `stop_doctor_name`, `stop_nurse_name`, `pat_id`) VALUES ('16', '心电检测 QH', '1478657100', '0', '1478934000', '0', '董医生', '', '于医生', '', '080001');
INSERT INTO `hospital`.`standing_orders` (`so_id`, `so_content`, `start_create_time`, `start_time`, `stop_create_time`, `stop_time`, `start_doctor_name`, `start_nurse_name`, `stop_doctor_name`, `stop_nurse_name`, `pat_id`) VALUES ('17', '血氧饱和度监测 QH', '1478657100', '0', '1478934000', '0', '董医生', '', '于医生', '', '080001');
INSERT INTO `hospital`.`standing_orders` (`so_id`, `so_content`, `start_create_time`, `start_time`, `stop_create_time`, `stop_time`, `start_doctor_name`, `start_nurse_name`, `stop_doctor_name`, `stop_nurse_name`, `pat_id`) VALUES ('18', '低盐低脂饮食', '1478657100', '0', '0', '0', '董医生', '', '', '', '080001');
INSERT INTO `hospital`.`standing_orders` (`so_id`, `so_content`, `start_create_time`, `start_time`, `stop_create_time`, `stop_time`, `start_doctor_name`, `start_nurse_name`, `stop_doctor_name`, `stop_nurse_name`, `pat_id`) VALUES ('19', '一级护理 QH', '1478657100', '0', '1479084960', '0', '董医生', '', '', '', '080001');
INSERT INTO `hospital`.`standing_orders` (`so_id`, `so_content`, `start_create_time`, `start_time`, `stop_create_time`, `stop_time`, `start_doctor_name`, `start_nurse_name`, `stop_doctor_name`, `stop_nurse_name`, `pat_id`) VALUES ('20', '氧气吸入 QH', '1478657100', '0', '1479005400', '0', '董医生', '', '', '', '080001');
INSERT INTO `hospital`.`standing_orders` (`so_id`, `so_content`, `start_create_time`, `start_time`, `stop_create_time`, `stop_time`, `start_doctor_name`, `start_nurse_name`, `stop_doctor_name`, `stop_nurse_name`, `pat_id`) VALUES ('21', '0.9%氯化钠（塑料瓶）250ml 左卡尼汀 4g QD静滴', '1478657100', '0', '0', '0', '董医生', '', '', '', '080001');
INSERT INTO `hospital`.`standing_orders` (`so_id`, `so_content`, `start_create_time`, `start_time`, `stop_create_time`, `stop_time`, `start_doctor_name`, `start_nurse_name`, `stop_doctor_name`, `stop_nurse_name`, `pat_id`) VALUES ('22', '0.9%氯化钠（塑料瓶）250ml 红花黄色素 100mg QD静滴', '1478657100', '0', '0', '0', '董医生', '', '', '', '080001');
INSERT INTO `hospital`.`standing_orders` (`so_id`, `so_content`, `start_create_time`, `start_time`, `stop_create_time`, `stop_time`, `start_doctor_name`, `start_nurse_name`, `stop_doctor_name`, `stop_nurse_name`, `pat_id`) VALUES ('23', '阿司匹林肠溶片 100mg QD口服', '1478657160', '0', '0', '0', '董医生', '', '', '', '080001');
INSERT INTO `hospital`.`standing_orders` (`so_id`, `so_content`, `start_create_time`, `start_time`, `stop_create_time`, `stop_time`, `start_doctor_name`, `start_nurse_name`, `stop_doctor_name`, `stop_nurse_name`, `pat_id`) VALUES ('24', '氯吡格雷片 75mg QD口服', '1478657160', '0', '0', '0', '董医生', '', '', '', '080001');
INSERT INTO `hospital`.`standing_orders` (`so_id`, `so_content`, `start_create_time`, `start_time`, `stop_create_time`, `stop_time`, `start_doctor_name`, `start_nurse_name`, `stop_doctor_name`, `stop_nurse_name`, `pat_id`) VALUES ('25', '依那普利片 5mg BID口服', '1478657160', '0', '0', '0', '董医生', '', '', '', '080001');
INSERT INTO `hospital`.`standing_orders` (`so_id`, `so_content`, `start_create_time`, `start_time`, `stop_create_time`, `stop_time`, `start_doctor_name`, `start_nurse_name`, `stop_doctor_name`, `stop_nurse_name`, `pat_id`) VALUES ('26', '辛伐他汀 20mg QD口服', '1478657160', '0', '0', '0', '董医生', '', '', '', '080001');
INSERT INTO `hospital`.`standing_orders` (`so_id`, `so_content`, `start_create_time`, `start_time`, `stop_create_time`, `stop_time`, `start_doctor_name`, `start_nurse_name`, `stop_doctor_name`, `stop_nurse_name`, `pat_id`) VALUES ('27', '低分子量肝素钙 4100UI BID皮下', '1478752260', '0', '0', '1479128160', '于医生', '', '', '', '080001');
INSERT INTO `hospital`.`standing_orders` (`so_id`, `so_content`, `start_create_time`, `start_time`, `stop_create_time`, `stop_time`, `start_doctor_name`, `start_nurse_name`, `stop_doctor_name`, `stop_nurse_name`, `pat_id`) VALUES ('28', '二级护理 QD', '1479084960', '0', '0', '0', '', '', '', '', '080001');
INSERT INTO `hospital`.`standing_orders` (`so_id`, `so_content`, `start_create_time`, `start_time`, `stop_create_time`, `stop_time`, `start_doctor_name`, `start_nurse_name`, `stop_doctor_name`, `stop_nurse_name`, `pat_id`) VALUES ('29', '呋塞米片 20mg QD口服', '1479172440', '0', '0', '0', '', '', '', '', '080001');
INSERT INTO `hospital`.`standing_orders` (`so_id`, `so_content`, `start_create_time`, `start_time`, `stop_create_time`, `stop_time`, `start_doctor_name`, `start_nurse_name`, `stop_doctor_name`, `stop_nurse_name`, `pat_id`) VALUES ('30', '螺内酯 20mg QD口服', '1479172440', '0', '0', '0', '', '', '', '', '080001');

INSERT INTO `hospital`.`standing_orders` (`so_id`, `so_content`, `start_create_time`, `start_time`, `stop_create_time`, `stop_time`, `start_doctor_name`, `start_nurse_name`, `stop_doctor_name`, `stop_nurse_name`, `pat_id`) VALUES ('31', '心电检测 QH', '1478657100', '0', '1478934000', '0', '董医生', '', '于医生', '', '100001');
INSERT INTO `hospital`.`standing_orders` (`so_id`, `so_content`, `start_create_time`, `start_time`, `stop_create_time`, `stop_time`, `start_doctor_name`, `start_nurse_name`, `stop_doctor_name`, `stop_nurse_name`, `pat_id`) VALUES ('32', '血氧饱和度监测 QH', '1478657100', '0', '1478934000', '0', '董医生', '', '于医生', '', '100001');
INSERT INTO `hospital`.`standing_orders` (`so_id`, `so_content`, `start_create_time`, `start_time`, `stop_create_time`, `stop_time`, `start_doctor_name`, `start_nurse_name`, `stop_doctor_name`, `stop_nurse_name`, `pat_id`) VALUES ('33', '低盐低脂饮食', '1478657100', '0', '0', '0', '董医生', '', '', '', '100001');
INSERT INTO `hospital`.`standing_orders` (`so_id`, `so_content`, `start_create_time`, `start_time`, `stop_create_time`, `stop_time`, `start_doctor_name`, `start_nurse_name`, `stop_doctor_name`, `stop_nurse_name`, `pat_id`) VALUES ('34', '一级护理 QH', '1478657100', '0', '1479084960', '0', '董医生', '', '', '', '100001');
INSERT INTO `hospital`.`standing_orders` (`so_id`, `so_content`, `start_create_time`, `start_time`, `stop_create_time`, `stop_time`, `start_doctor_name`, `start_nurse_name`, `stop_doctor_name`, `stop_nurse_name`, `pat_id`) VALUES ('35', '氧气吸入 QH', '1478657100', '0', '1479005400', '0', '董医生', '', '', '', '100001');
INSERT INTO `hospital`.`standing_orders` (`so_id`, `so_content`, `start_create_time`, `start_time`, `stop_create_time`, `stop_time`, `start_doctor_name`, `start_nurse_name`, `stop_doctor_name`, `stop_nurse_name`, `pat_id`) VALUES ('36', '0.9%氯化钠（塑料瓶）250ml 左卡尼汀 4g QD静滴', '1478657100', '0', '0', '0', '董医生', '', '', '', '100001');
INSERT INTO `hospital`.`standing_orders` (`so_id`, `so_content`, `start_create_time`, `start_time`, `stop_create_time`, `stop_time`, `start_doctor_name`, `start_nurse_name`, `stop_doctor_name`, `stop_nurse_name`, `pat_id`) VALUES ('37', '0.9%氯化钠（塑料瓶）250ml 红花黄色素 100mg QD静滴', '1478657100', '0', '0', '0', '董医生', '', '', '', '100001');
INSERT INTO `hospital`.`standing_orders` (`so_id`, `so_content`, `start_create_time`, `start_time`, `stop_create_time`, `stop_time`, `start_doctor_name`, `start_nurse_name`, `stop_doctor_name`, `stop_nurse_name`, `pat_id`) VALUES ('38', '阿司匹林肠溶片 100mg QD口服', '1478657160', '0', '0', '0', '董医生', '', '', '', '100001');
INSERT INTO `hospital`.`standing_orders` (`so_id`, `so_content`, `start_create_time`, `start_time`, `stop_create_time`, `stop_time`, `start_doctor_name`, `start_nurse_name`, `stop_doctor_name`, `stop_nurse_name`, `pat_id`) VALUES ('39', '氯吡格雷片 75mg QD口服', '1478657160', '0', '0', '0', '董医生', '', '', '', '100001');
INSERT INTO `hospital`.`standing_orders` (`so_id`, `so_content`, `start_create_time`, `start_time`, `stop_create_time`, `stop_time`, `start_doctor_name`, `start_nurse_name`, `stop_doctor_name`, `stop_nurse_name`, `pat_id`) VALUES ('40', '依那普利片 5mg BID口服', '1478657160', '0', '0', '0', '董医生', '', '', '', '100001');
INSERT INTO `hospital`.`standing_orders` (`so_id`, `so_content`, `start_create_time`, `start_time`, `stop_create_time`, `stop_time`, `start_doctor_name`, `start_nurse_name`, `stop_doctor_name`, `stop_nurse_name`, `pat_id`) VALUES ('41', '辛伐他汀 20mg QD口服', '1478657160', '0', '0', '0', '董医生', '', '', '', '100001');
INSERT INTO `hospital`.`standing_orders` (`so_id`, `so_content`, `start_create_time`, `start_time`, `stop_create_time`, `stop_time`, `start_doctor_name`, `start_nurse_name`, `stop_doctor_name`, `stop_nurse_name`, `pat_id`) VALUES ('42', '低分子量肝素钙 4100UI BID皮下', '1478752260', '0', '0', '1479128160', '于医生', '', '', '', '100001');
INSERT INTO `hospital`.`standing_orders` (`so_id`, `so_content`, `start_create_time`, `start_time`, `stop_create_time`, `stop_time`, `start_doctor_name`, `start_nurse_name`, `stop_doctor_name`, `stop_nurse_name`, `pat_id`) VALUES ('43', '二级护理 QD', '1479084960', '0', '0', '0', '', '', '', '', '100001');
INSERT INTO `hospital`.`standing_orders` (`so_id`, `so_content`, `start_create_time`, `start_time`, `stop_create_time`, `stop_time`, `start_doctor_name`, `start_nurse_name`, `stop_doctor_name`, `stop_nurse_name`, `pat_id`) VALUES ('44', '呋塞米片 20mg QD口服', '1479172440', '0', '0', '0', '', '', '', '', '100001');
INSERT INTO `hospital`.`standing_orders` (`so_id`, `so_content`, `start_create_time`, `start_time`, `stop_create_time`, `stop_time`, `start_doctor_name`, `start_nurse_name`, `stop_doctor_name`, `stop_nurse_name`, `pat_id`) VALUES ('45', '螺内酯 20mg QD口服', '1479172440', '0', '0', '0', '', '', '', '', '100001');

INSERT INTO `hospital`.`standing_orders` (`so_id`, `so_content`, `start_create_time`, `start_time`, `stop_create_time`, `stop_time`, `start_doctor_name`, `start_nurse_name`, `stop_doctor_name`, `stop_nurse_name`, `pat_id`) VALUES ('46', '心电检测 QH', '1478657100', '0', '1478934000', '0', '董医生', '', '于医生', '', '150001');
INSERT INTO `hospital`.`standing_orders` (`so_id`, `so_content`, `start_create_time`, `start_time`, `stop_create_time`, `stop_time`, `start_doctor_name`, `start_nurse_name`, `stop_doctor_name`, `stop_nurse_name`, `pat_id`) VALUES ('47', '血氧饱和度监测 QH', '1478657100', '0', '1478934000', '0', '董医生', '', '于医生', '', '150001');
INSERT INTO `hospital`.`standing_orders` (`so_id`, `so_content`, `start_create_time`, `start_time`, `stop_create_time`, `stop_time`, `start_doctor_name`, `start_nurse_name`, `stop_doctor_name`, `stop_nurse_name`, `pat_id`) VALUES ('48', '低盐低脂饮食', '1478657100', '0', '0', '0', '董医生', '', '', '', '150001');
INSERT INTO `hospital`.`standing_orders` (`so_id`, `so_content`, `start_create_time`, `start_time`, `stop_create_time`, `stop_time`, `start_doctor_name`, `start_nurse_name`, `stop_doctor_name`, `stop_nurse_name`, `pat_id`) VALUES ('49', '一级护理 QH', '1478657100', '0', '1479084960', '0', '董医生', '', '', '', '150001');
INSERT INTO `hospital`.`standing_orders` (`so_id`, `so_content`, `start_create_time`, `start_time`, `stop_create_time`, `stop_time`, `start_doctor_name`, `start_nurse_name`, `stop_doctor_name`, `stop_nurse_name`, `pat_id`) VALUES ('50', '氧气吸入 QH', '1478657100', '0', '1479005400', '0', '董医生', '', '', '', '150001');
INSERT INTO `hospital`.`standing_orders` (`so_id`, `so_content`, `start_create_time`, `start_time`, `stop_create_time`, `stop_time`, `start_doctor_name`, `start_nurse_name`, `stop_doctor_name`, `stop_nurse_name`, `pat_id`) VALUES ('51', '0.9%氯化钠（塑料瓶）250ml 左卡尼汀 4g QD静滴', '1478657100', '0', '0', '0', '董医生', '', '', '', '150001');
INSERT INTO `hospital`.`standing_orders` (`so_id`, `so_content`, `start_create_time`, `start_time`, `stop_create_time`, `stop_time`, `start_doctor_name`, `start_nurse_name`, `stop_doctor_name`, `stop_nurse_name`, `pat_id`) VALUES ('52', '0.9%氯化钠（塑料瓶）250ml 红花黄色素 100mg QD静滴', '1478657100', '0', '0', '0', '董医生', '', '', '', '150001');
INSERT INTO `hospital`.`standing_orders` (`so_id`, `so_content`, `start_create_time`, `start_time`, `stop_create_time`, `stop_time`, `start_doctor_name`, `start_nurse_name`, `stop_doctor_name`, `stop_nurse_name`, `pat_id`) VALUES ('53', '阿司匹林肠溶片 100mg QD口服', '1478657160', '0', '0', '0', '董医生', '', '', '', '150001');
INSERT INTO `hospital`.`standing_orders` (`so_id`, `so_content`, `start_create_time`, `start_time`, `stop_create_time`, `stop_time`, `start_doctor_name`, `start_nurse_name`, `stop_doctor_name`, `stop_nurse_name`, `pat_id`) VALUES ('54', '氯吡格雷片 75mg QD口服', '1478657160', '0', '0', '0', '董医生', '', '', '', '150001');
INSERT INTO `hospital`.`standing_orders` (`so_id`, `so_content`, `start_create_time`, `start_time`, `stop_create_time`, `stop_time`, `start_doctor_name`, `start_nurse_name`, `stop_doctor_name`, `stop_nurse_name`, `pat_id`) VALUES ('55', '依那普利片 5mg BID口服', '1478657160', '0', '0', '0', '董医生', '', '', '', '150001');
INSERT INTO `hospital`.`standing_orders` (`so_id`, `so_content`, `start_create_time`, `start_time`, `stop_create_time`, `stop_time`, `start_doctor_name`, `start_nurse_name`, `stop_doctor_name`, `stop_nurse_name`, `pat_id`) VALUES ('56', '辛伐他汀 20mg QD口服', '1478657160', '0', '0', '0', '董医生', '', '', '', '150001');
INSERT INTO `hospital`.`standing_orders` (`so_id`, `so_content`, `start_create_time`, `start_time`, `stop_create_time`, `stop_time`, `start_doctor_name`, `start_nurse_name`, `stop_doctor_name`, `stop_nurse_name`, `pat_id`) VALUES ('57', '低分子量肝素钙 4100UI BID皮下', '1478752260', '0', '0', '1479128160', '于医生', '', '', '', '150001');
INSERT INTO `hospital`.`standing_orders` (`so_id`, `so_content`, `start_create_time`, `start_time`, `stop_create_time`, `stop_time`, `start_doctor_name`, `start_nurse_name`, `stop_doctor_name`, `stop_nurse_name`, `pat_id`) VALUES ('58', '二级护理 QD', '1479084960', '0', '0', '0', '', '', '', '', '150001');
INSERT INTO `hospital`.`standing_orders` (`so_id`, `so_content`, `start_create_time`, `start_time`, `stop_create_time`, `stop_time`, `start_doctor_name`, `start_nurse_name`, `stop_doctor_name`, `stop_nurse_name`, `pat_id`) VALUES ('59', '呋塞米片 20mg QD口服', '1479172440', '0', '0', '0', '', '', '', '', '150001');
INSERT INTO `hospital`.`standing_orders` (`so_id`, `so_content`, `start_create_time`, `start_time`, `stop_create_time`, `stop_time`, `start_doctor_name`, `start_nurse_name`, `stop_doctor_name`, `stop_nurse_name`, `pat_id`) VALUES ('60', '螺内酯 20mg QD口服', '1479172440', '0', '0', '0', '', '', '', '', '150001');

INSERT INTO `hospital`.`standing_orders` (`so_id`, `so_content`, `start_create_time`, `start_time`, `stop_create_time`, `stop_time`, `start_doctor_name`, `start_nurse_name`, `stop_doctor_name`, `stop_nurse_name`, `pat_id`) VALUES ('61', '心电检测 QH', '1478657100', '0', '1478934000', '0', '董医生', '', '于医生', '', '200001');
INSERT INTO `hospital`.`standing_orders` (`so_id`, `so_content`, `start_create_time`, `start_time`, `stop_create_time`, `stop_time`, `start_doctor_name`, `start_nurse_name`, `stop_doctor_name`, `stop_nurse_name`, `pat_id`) VALUES ('62', '血氧饱和度监测 QH', '1478657100', '0', '1478934000', '0', '董医生', '', '于医生', '', '200001');
INSERT INTO `hospital`.`standing_orders` (`so_id`, `so_content`, `start_create_time`, `start_time`, `stop_create_time`, `stop_time`, `start_doctor_name`, `start_nurse_name`, `stop_doctor_name`, `stop_nurse_name`, `pat_id`) VALUES ('63', '低盐低脂饮食', '1478657100', '0', '0', '0', '董医生', '', '', '', '200001');
INSERT INTO `hospital`.`standing_orders` (`so_id`, `so_content`, `start_create_time`, `start_time`, `stop_create_time`, `stop_time`, `start_doctor_name`, `start_nurse_name`, `stop_doctor_name`, `stop_nurse_name`, `pat_id`) VALUES ('64', '一级护理 QH', '1478657100', '0', '1479084960', '0', '董医生', '', '', '', '200001');
INSERT INTO `hospital`.`standing_orders` (`so_id`, `so_content`, `start_create_time`, `start_time`, `stop_create_time`, `stop_time`, `start_doctor_name`, `start_nurse_name`, `stop_doctor_name`, `stop_nurse_name`, `pat_id`) VALUES ('65', '氧气吸入 QH', '1478657100', '0', '1479005400', '0', '董医生', '', '', '', '200001');
INSERT INTO `hospital`.`standing_orders` (`so_id`, `so_content`, `start_create_time`, `start_time`, `stop_create_time`, `stop_time`, `start_doctor_name`, `start_nurse_name`, `stop_doctor_name`, `stop_nurse_name`, `pat_id`) VALUES ('66', '0.9%氯化钠（塑料瓶）250ml 左卡尼汀 4g QD静滴', '1478657100', '0', '0', '0', '董医生', '', '', '', '200001');
INSERT INTO `hospital`.`standing_orders` (`so_id`, `so_content`, `start_create_time`, `start_time`, `stop_create_time`, `stop_time`, `start_doctor_name`, `start_nurse_name`, `stop_doctor_name`, `stop_nurse_name`, `pat_id`) VALUES ('67', '0.9%氯化钠（塑料瓶）250ml 红花黄色素 100mg QD静滴', '1478657100', '0', '0', '0', '董医生', '', '', '', '200001');
INSERT INTO `hospital`.`standing_orders` (`so_id`, `so_content`, `start_create_time`, `start_time`, `stop_create_time`, `stop_time`, `start_doctor_name`, `start_nurse_name`, `stop_doctor_name`, `stop_nurse_name`, `pat_id`) VALUES ('68', '阿司匹林肠溶片 100mg QD口服', '1478657160', '0', '0', '0', '董医生', '', '', '', '200001');
INSERT INTO `hospital`.`standing_orders` (`so_id`, `so_content`, `start_create_time`, `start_time`, `stop_create_time`, `stop_time`, `start_doctor_name`, `start_nurse_name`, `stop_doctor_name`, `stop_nurse_name`, `pat_id`) VALUES ('69', '氯吡格雷片 75mg QD口服', '1478657160', '0', '0', '0', '董医生', '', '', '', '200001');
INSERT INTO `hospital`.`standing_orders` (`so_id`, `so_content`, `start_create_time`, `start_time`, `stop_create_time`, `stop_time`, `start_doctor_name`, `start_nurse_name`, `stop_doctor_name`, `stop_nurse_name`, `pat_id`) VALUES ('70', '依那普利片 5mg BID口服', '1478657160', '0', '0', '0', '董医生', '', '', '', '200001');
INSERT INTO `hospital`.`standing_orders` (`so_id`, `so_content`, `start_create_time`, `start_time`, `stop_create_time`, `stop_time`, `start_doctor_name`, `start_nurse_name`, `stop_doctor_name`, `stop_nurse_name`, `pat_id`) VALUES ('71', '辛伐他汀 20mg QD口服', '1478657160', '0', '0', '0', '董医生', '', '', '', '200001');
INSERT INTO `hospital`.`standing_orders` (`so_id`, `so_content`, `start_create_time`, `start_time`, `stop_create_time`, `stop_time`, `start_doctor_name`, `start_nurse_name`, `stop_doctor_name`, `stop_nurse_name`, `pat_id`) VALUES ('72', '低分子量肝素钙 4100UI BID皮下', '1478752260', '0', '0', '1479128160', '于医生', '', '', '', '200001');
INSERT INTO `hospital`.`standing_orders` (`so_id`, `so_content`, `start_create_time`, `start_time`, `stop_create_time`, `stop_time`, `start_doctor_name`, `start_nurse_name`, `stop_doctor_name`, `stop_nurse_name`, `pat_id`) VALUES ('73', '二级护理 QD', '1479084960', '0', '0', '0', '', '', '', '', '200001');
INSERT INTO `hospital`.`standing_orders` (`so_id`, `so_content`, `start_create_time`, `start_time`, `stop_create_time`, `stop_time`, `start_doctor_name`, `start_nurse_name`, `stop_doctor_name`, `stop_nurse_name`, `pat_id`) VALUES ('74', '呋塞米片 20mg QD口服', '1479172440', '0', '0', '0', '', '', '', '', '200001');
INSERT INTO `hospital`.`standing_orders` (`so_id`, `so_content`, `start_create_time`, `start_time`, `stop_create_time`, `stop_time`, `start_doctor_name`, `start_nurse_name`, `stop_doctor_name`, `stop_nurse_name`, `pat_id`) VALUES ('75', '螺内酯 20mg QD口服', '1479172440', '0', '0', '0', '', '', '', '', '200001');

INSERT INTO `hospital`.`standing_orders` (`so_id`, `so_content`, `start_create_time`, `start_time`, `stop_create_time`, `stop_time`, `start_doctor_name`, `start_nurse_name`, `stop_doctor_name`, `stop_nurse_name`, `pat_id`) VALUES ('76', '心电检测 QH', '1478657100', '0', '1478934000', '0', '董医生', '', '于医生', '', '300001');
INSERT INTO `hospital`.`standing_orders` (`so_id`, `so_content`, `start_create_time`, `start_time`, `stop_create_time`, `stop_time`, `start_doctor_name`, `start_nurse_name`, `stop_doctor_name`, `stop_nurse_name`, `pat_id`) VALUES ('77', '血氧饱和度监测 QH', '1478657100', '0', '1478934000', '0', '董医生', '', '于医生', '', '300001');
INSERT INTO `hospital`.`standing_orders` (`so_id`, `so_content`, `start_create_time`, `start_time`, `stop_create_time`, `stop_time`, `start_doctor_name`, `start_nurse_name`, `stop_doctor_name`, `stop_nurse_name`, `pat_id`) VALUES ('78', '低盐低脂饮食', '1478657100', '0', '0', '0', '董医生', '', '', '', '300001');
INSERT INTO `hospital`.`standing_orders` (`so_id`, `so_content`, `start_create_time`, `start_time`, `stop_create_time`, `stop_time`, `start_doctor_name`, `start_nurse_name`, `stop_doctor_name`, `stop_nurse_name`, `pat_id`) VALUES ('79', '一级护理 QH', '1478657100', '0', '1479084960', '0', '董医生', '', '', '', '300001');
INSERT INTO `hospital`.`standing_orders` (`so_id`, `so_content`, `start_create_time`, `start_time`, `stop_create_time`, `stop_time`, `start_doctor_name`, `start_nurse_name`, `stop_doctor_name`, `stop_nurse_name`, `pat_id`) VALUES ('80', '氧气吸入 QH', '1478657100', '0', '1479005400', '0', '董医生', '', '', '', '300001');
INSERT INTO `hospital`.`standing_orders` (`so_id`, `so_content`, `start_create_time`, `start_time`, `stop_create_time`, `stop_time`, `start_doctor_name`, `start_nurse_name`, `stop_doctor_name`, `stop_nurse_name`, `pat_id`) VALUES ('81', '0.9%氯化钠（塑料瓶）250ml 左卡尼汀 4g QD静滴', '1478657100', '0', '0', '0', '董医生', '', '', '', '300001');
INSERT INTO `hospital`.`standing_orders` (`so_id`, `so_content`, `start_create_time`, `start_time`, `stop_create_time`, `stop_time`, `start_doctor_name`, `start_nurse_name`, `stop_doctor_name`, `stop_nurse_name`, `pat_id`) VALUES ('82', '0.9%氯化钠（塑料瓶）250ml 红花黄色素 100mg QD静滴', '1478657100', '0', '0', '0', '董医生', '', '', '', '300001');
INSERT INTO `hospital`.`standing_orders` (`so_id`, `so_content`, `start_create_time`, `start_time`, `stop_create_time`, `stop_time`, `start_doctor_name`, `start_nurse_name`, `stop_doctor_name`, `stop_nurse_name`, `pat_id`) VALUES ('83', '阿司匹林肠溶片 100mg QD口服', '1478657160', '0', '0', '0', '董医生', '', '', '', '300001');
INSERT INTO `hospital`.`standing_orders` (`so_id`, `so_content`, `start_create_time`, `start_time`, `stop_create_time`, `stop_time`, `start_doctor_name`, `start_nurse_name`, `stop_doctor_name`, `stop_nurse_name`, `pat_id`) VALUES ('84', '氯吡格雷片 75mg QD口服', '1478657160', '0', '0', '0', '董医生', '', '', '', '300001');
INSERT INTO `hospital`.`standing_orders` (`so_id`, `so_content`, `start_create_time`, `start_time`, `stop_create_time`, `stop_time`, `start_doctor_name`, `start_nurse_name`, `stop_doctor_name`, `stop_nurse_name`, `pat_id`) VALUES ('85', '依那普利片 5mg BID口服', '1478657160', '0', '0', '0', '董医生', '', '', '', '300001');
INSERT INTO `hospital`.`standing_orders` (`so_id`, `so_content`, `start_create_time`, `start_time`, `stop_create_time`, `stop_time`, `start_doctor_name`, `start_nurse_name`, `stop_doctor_name`, `stop_nurse_name`, `pat_id`) VALUES ('86', '辛伐他汀 20mg QD口服', '1478657160', '0', '0', '0', '董医生', '', '', '', '300001');
INSERT INTO `hospital`.`standing_orders` (`so_id`, `so_content`, `start_create_time`, `start_time`, `stop_create_time`, `stop_time`, `start_doctor_name`, `start_nurse_name`, `stop_doctor_name`, `stop_nurse_name`, `pat_id`) VALUES ('87', '低分子量肝素钙 4100UI BID皮下', '1478752260', '0', '0', '1479128160', '于医生', '', '', '', '300001');
INSERT INTO `hospital`.`standing_orders` (`so_id`, `so_content`, `start_create_time`, `start_time`, `stop_create_time`, `stop_time`, `start_doctor_name`, `start_nurse_name`, `stop_doctor_name`, `stop_nurse_name`, `pat_id`) VALUES ('88', '二级护理 QD', '1479084960', '0', '0', '0', '', '', '', '', '300001');
INSERT INTO `hospital`.`standing_orders` (`so_id`, `so_content`, `start_create_time`, `start_time`, `stop_create_time`, `stop_time`, `start_doctor_name`, `start_nurse_name`, `stop_doctor_name`, `stop_nurse_name`, `pat_id`) VALUES ('89', '呋塞米片 20mg QD口服', '1479172440', '0', '0', '0', '', '', '', '', '300001');
INSERT INTO `hospital`.`standing_orders` (`so_id`, `so_content`, `start_create_time`, `start_time`, `stop_create_time`, `stop_time`, `start_doctor_name`, `start_nurse_name`, `stop_doctor_name`, `stop_nurse_name`, `pat_id`) VALUES ('90', '螺内酯 20mg QD口服', '1479172440', '0', '0', '0', '', '', '', '', '300001');


